<?xml version="1.0" encoding="UTF-8"?>
<gpx version="1.1" creator="Glacier Red Meadow Loop (fork of RideWithGPS 15106314)" xmlns="http://www.topografix.com/GPX/1/1" xmlns:xsi="http://www.w3.org/2001/XMLSchema-instance" xsi:schemaLocation="http://www.topografix.com/GPX/1/1 http://www.topografix.com/GPX/1/1/gpx.xsd">
  <metadata>
    <name>Day 2 - Night 1 to Bowman Lake</name>
    <desc>Saturday, queen stage. Over Red Meadow Pass (5,600 ft) to the North Fork and Polebridge, then divert ~6 mi up the signed spur to camp at Bowman Lake. Track forked from the Bikepacking.com / RideWithGPS Red Meadow Pass Loop (https://ridewithgps.com/routes/15106314). Waypoints (camps, resupply, POIs) added for this trip. Bowman Lake (Night 2) is a ~6 mi signed spur off the North Fork Rd at Polebridge — not on the mainline track.</desc>
    <link href="https://ridewithgps.com/routes/15106314"><text>Source route: Red Meadow Pass Loop (RideWithGPS)</text></link>
  </metadata>
  <wpt lat="48.68558" lon="-114.5753">
    <name>Upper Whitefish Lake</name>
    <desc>Night 1 target. Flathead NF campground, water, swim. ~4,400 ft. Banks a chunk of Saturday's climb.</desc>
    <type>Camp</type>
  </wpt>
  <wpt lat="48.75384" lon="-114.56335">
    <name>Red Meadow Lake</name>
    <desc>Alpine lake just below Red Meadow Pass. Classic swim / water stop.</desc>
    <type>Waypoint</type>
  </wpt>
  <wpt lat="48.7772" lon="-114.3029">
    <name>Red Meadow Pass - 5,600 ft</name>
    <desc>High point of the loop. Long descent to the North Fork after this.</desc>
    <type>Summit</type>
  </wpt>
  <wpt lat="48.76496" lon="-114.28478">
    <name>Polebridge Mercantile</name>
    <desc>Resupply + famous bear claws. Only resupply on route. Bowman Lake spur turns off the North Fork Rd here.</desc>
    <type>Resupply</type>
  </wpt>
  <wpt lat="48.8275" lon="-114.2017">
    <name>Night 2 - Bowman Lake</name>
    <desc>Night 2 camp, Glacier NP. ~6 mi signed spur EAST off the North Fork Rd near Polebridge - NOT on the mainline track. First-come.</desc>
    <type>Camp</type>
  </wpt>
  <trk>
    <name>Day 2 - Night 1 to Bowman Lake</name>
    <trkseg>
      <trkpt lat="48.68861" lon="-114.57533"><ele>1360.2</ele></trkpt>
      <trkpt lat="48.68922" lon="-114.57565"><ele>1362.4</ele></trkpt>
      <trkpt lat="48.68963" lon="-114.57583"><ele>1364</ele></trkpt>
      <trkpt lat="48.68976" lon="-114.5759"><ele>1364.2</ele></trkpt>
      <trkpt lat="48.68982" lon="-114.57593"><ele>1364.2</ele></trkpt>
      <trkpt lat="48.68989" lon="-114.57597"><ele>1364.2</ele></trkpt>
      <trkpt lat="48.6902" lon="-114.57617"><ele>1364.1</ele></trkpt>
      <trkpt lat="48.69066" lon="-114.57649"><ele>1364</ele></trkpt>
      <trkpt lat="48.69076" lon="-114.57657"><ele>1363.8</ele></trkpt>
      <trkpt lat="48.69202" lon="-114.57752"><ele>1361.4</ele></trkpt>
      <trkpt lat="48.69278" lon="-114.57828"><ele>1362.2</ele></trkpt>
      <trkpt lat="48.69306" lon="-114.57855"><ele>1362.6</ele></trkpt>
      <trkpt lat="48.6933" lon="-114.57874"><ele>1361.5</ele></trkpt>
      <trkpt lat="48.69377" lon="-114.57908"><ele>1358.9</ele></trkpt>
      <trkpt lat="48.69393" lon="-114.57917"><ele>1359.1</ele></trkpt>
      <trkpt lat="48.69395" lon="-114.57919"><ele>1359.3</ele></trkpt>
      <trkpt lat="48.69408" lon="-114.57925"><ele>1361.3</ele></trkpt>
      <trkpt lat="48.69427" lon="-114.57937"><ele>1363.8</ele></trkpt>
      <trkpt lat="48.69447" lon="-114.57947"><ele>1365</ele></trkpt>
      <trkpt lat="48.69455" lon="-114.57949"><ele>1365.3</ele></trkpt>
      <trkpt lat="48.69472" lon="-114.57957"><ele>1365.4</ele></trkpt>
      <trkpt lat="48.69491" lon="-114.57963"><ele>1365.4</ele></trkpt>
      <trkpt lat="48.69512" lon="-114.57973"><ele>1365.3</ele></trkpt>
      <trkpt lat="48.69526" lon="-114.5798"><ele>1365.2</ele></trkpt>
      <trkpt lat="48.69548" lon="-114.57989"><ele>1365</ele></trkpt>
      <trkpt lat="48.69565" lon="-114.57995"><ele>1365</ele></trkpt>
      <trkpt lat="48.69582" lon="-114.58002"><ele>1364.7</ele></trkpt>
      <trkpt lat="48.69596" lon="-114.58009"><ele>1364.4</ele></trkpt>
      <trkpt lat="48.69631" lon="-114.58025"><ele>1364.1</ele></trkpt>
      <trkpt lat="48.69654" lon="-114.58034"><ele>1364.4</ele></trkpt>
      <trkpt lat="48.69669" lon="-114.58041"><ele>1364.4</ele></trkpt>
      <trkpt lat="48.69684" lon="-114.58046"><ele>1364.6</ele></trkpt>
      <trkpt lat="48.69698" lon="-114.5805"><ele>1365</ele></trkpt>
      <trkpt lat="48.69706" lon="-114.58051"><ele>1365.6</ele></trkpt>
      <trkpt lat="48.69756" lon="-114.58065"><ele>1369.2</ele></trkpt>
      <trkpt lat="48.69762" lon="-114.58068"><ele>1370.5</ele></trkpt>
      <trkpt lat="48.69764" lon="-114.58069"><ele>1370.8</ele></trkpt>
      <trkpt lat="48.69768" lon="-114.58071"><ele>1371.4</ele></trkpt>
      <trkpt lat="48.69851" lon="-114.58109"><ele>1371.4</ele></trkpt>
      <trkpt lat="48.69872" lon="-114.58118"><ele>1371.3</ele></trkpt>
      <trkpt lat="48.6992" lon="-114.58135"><ele>1371.5</ele></trkpt>
      <trkpt lat="48.69936" lon="-114.5814"><ele>1371.5</ele></trkpt>
      <trkpt lat="48.69974" lon="-114.58155"><ele>1371.1</ele></trkpt>
      <trkpt lat="48.70021" lon="-114.58172"><ele>1370.9</ele></trkpt>
      <trkpt lat="48.70054" lon="-114.58181"><ele>1371.3</ele></trkpt>
      <trkpt lat="48.70061" lon="-114.58181"><ele>1371.7</ele></trkpt>
      <trkpt lat="48.70069" lon="-114.58183"><ele>1371.8</ele></trkpt>
      <trkpt lat="48.70076" lon="-114.58185"><ele>1371.9</ele></trkpt>
      <trkpt lat="48.70084" lon="-114.58186"><ele>1372.3</ele></trkpt>
      <trkpt lat="48.70119" lon="-114.58199"><ele>1372.3</ele></trkpt>
      <trkpt lat="48.70132" lon="-114.58204"><ele>1372.3</ele></trkpt>
      <trkpt lat="48.7014" lon="-114.58206"><ele>1372.4</ele></trkpt>
      <trkpt lat="48.70147" lon="-114.58208"><ele>1372.6</ele></trkpt>
      <trkpt lat="48.70156" lon="-114.5821"><ele>1372.7</ele></trkpt>
      <trkpt lat="48.70183" lon="-114.58216"><ele>1373.2</ele></trkpt>
      <trkpt lat="48.70195" lon="-114.5822"><ele>1373.2</ele></trkpt>
      <trkpt lat="48.70199" lon="-114.58219"><ele>1373.5</ele></trkpt>
      <trkpt lat="48.7022" lon="-114.58224"><ele>1373.9</ele></trkpt>
      <trkpt lat="48.70257" lon="-114.58228"><ele>1374.8</ele></trkpt>
      <trkpt lat="48.70286" lon="-114.58234"><ele>1372.3</ele></trkpt>
      <trkpt lat="48.70297" lon="-114.58236"><ele>1372.1</ele></trkpt>
      <trkpt lat="48.70304" lon="-114.58238"><ele>1373</ele></trkpt>
      <trkpt lat="48.70317" lon="-114.58239"><ele>1375.4</ele></trkpt>
      <trkpt lat="48.70329" lon="-114.58241"><ele>1377.2</ele></trkpt>
      <trkpt lat="48.70344" lon="-114.58246"><ele>1378.5</ele></trkpt>
      <trkpt lat="48.70358" lon="-114.58252"><ele>1379.1</ele></trkpt>
      <trkpt lat="48.70382" lon="-114.58265"><ele>1383.6</ele></trkpt>
      <trkpt lat="48.70387" lon="-114.58267"><ele>1384.4</ele></trkpt>
      <trkpt lat="48.70397" lon="-114.58273"><ele>1384.9</ele></trkpt>
      <trkpt lat="48.70403" lon="-114.58278"><ele>1384.8</ele></trkpt>
      <trkpt lat="48.70409" lon="-114.5828"><ele>1385.2</ele></trkpt>
      <trkpt lat="48.70418" lon="-114.58287"><ele>1385.2</ele></trkpt>
      <trkpt lat="48.70424" lon="-114.58293"><ele>1385.2</ele></trkpt>
      <trkpt lat="48.70437" lon="-114.58311"><ele>1385</ele></trkpt>
      <trkpt lat="48.70462" lon="-114.58355"><ele>1383.6</ele></trkpt>
      <trkpt lat="48.70471" lon="-114.5837"><ele>1383.1</ele></trkpt>
      <trkpt lat="48.70484" lon="-114.5839"><ele>1383</ele></trkpt>
      <trkpt lat="48.70492" lon="-114.584"><ele>1383.2</ele></trkpt>
      <trkpt lat="48.70496" lon="-114.58406"><ele>1383.2</ele></trkpt>
      <trkpt lat="48.705" lon="-114.58411"><ele>1383.2</ele></trkpt>
      <trkpt lat="48.70505" lon="-114.58416"><ele>1383.3</ele></trkpt>
      <trkpt lat="48.70509" lon="-114.58422"><ele>1383.2</ele></trkpt>
      <trkpt lat="48.70512" lon="-114.58429"><ele>1382.9</ele></trkpt>
      <trkpt lat="48.70529" lon="-114.58451"><ele>1382.4</ele></trkpt>
      <trkpt lat="48.70542" lon="-114.58465"><ele>1381.9</ele></trkpt>
      <trkpt lat="48.70564" lon="-114.58486"><ele>1381.5</ele></trkpt>
      <trkpt lat="48.70628" lon="-114.58541"><ele>1380.8</ele></trkpt>
      <trkpt lat="48.7066" lon="-114.5857"><ele>1378.4</ele></trkpt>
      <trkpt lat="48.70703" lon="-114.58609"><ele>1377.9</ele></trkpt>
      <trkpt lat="48.70718" lon="-114.58621"><ele>1377.9</ele></trkpt>
      <trkpt lat="48.7077" lon="-114.5867"><ele>1377.6</ele></trkpt>
      <trkpt lat="48.70793" lon="-114.58693"><ele>1377.5</ele></trkpt>
      <trkpt lat="48.70806" lon="-114.58704"><ele>1377.5</ele></trkpt>
      <trkpt lat="48.70834" lon="-114.5873"><ele>1377.6</ele></trkpt>
      <trkpt lat="48.70859" lon="-114.58751"><ele>1377.8</ele></trkpt>
      <trkpt lat="48.70874" lon="-114.58763"><ele>1378</ele></trkpt>
      <trkpt lat="48.70899" lon="-114.58787"><ele>1378.1</ele></trkpt>
      <trkpt lat="48.70916" lon="-114.58802"><ele>1378.1</ele></trkpt>
      <trkpt lat="48.70926" lon="-114.58813"><ele>1378.1</ele></trkpt>
      <trkpt lat="48.70942" lon="-114.58826"><ele>1378.2</ele></trkpt>
      <trkpt lat="48.70948" lon="-114.58831"><ele>1378.1</ele></trkpt>
      <trkpt lat="48.70962" lon="-114.58839"><ele>1378.4</ele></trkpt>
      <trkpt lat="48.70966" lon="-114.58843"><ele>1378.2</ele></trkpt>
      <trkpt lat="48.70974" lon="-114.58846"><ele>1378.4</ele></trkpt>
      <trkpt lat="48.70987" lon="-114.58853"><ele>1378.3</ele></trkpt>
      <trkpt lat="48.71011" lon="-114.5887"><ele>1378.3</ele></trkpt>
      <trkpt lat="48.71033" lon="-114.58882"><ele>1378.4</ele></trkpt>
      <trkpt lat="48.71043" lon="-114.58888"><ele>1378.6</ele></trkpt>
      <trkpt lat="48.71047" lon="-114.58892"><ele>1378.5</ele></trkpt>
      <trkpt lat="48.71054" lon="-114.58895"><ele>1378.8</ele></trkpt>
      <trkpt lat="48.71064" lon="-114.58901"><ele>1381.1</ele></trkpt>
      <trkpt lat="48.7107" lon="-114.58903"><ele>1382.4</ele></trkpt>
      <trkpt lat="48.71082" lon="-114.58911"><ele>1383.2</ele></trkpt>
      <trkpt lat="48.71111" lon="-114.58927"><ele>1384.2</ele></trkpt>
      <trkpt lat="48.71117" lon="-114.5893"><ele>1384.4</ele></trkpt>
      <trkpt lat="48.71123" lon="-114.58933"><ele>1384.6</ele></trkpt>
      <trkpt lat="48.71129" lon="-114.58936"><ele>1384.7</ele></trkpt>
      <trkpt lat="48.71141" lon="-114.5894"><ele>1385.3</ele></trkpt>
      <trkpt lat="48.71157" lon="-114.58945"><ele>1386.1</ele></trkpt>
      <trkpt lat="48.71166" lon="-114.58948"><ele>1386.6</ele></trkpt>
      <trkpt lat="48.71186" lon="-114.58951"><ele>1388.1</ele></trkpt>
      <trkpt lat="48.71219" lon="-114.58959"><ele>1390</ele></trkpt>
      <trkpt lat="48.71232" lon="-114.58963"><ele>1390.4</ele></trkpt>
      <trkpt lat="48.71243" lon="-114.58968"><ele>1390.5</ele></trkpt>
      <trkpt lat="48.71249" lon="-114.58971"><ele>1390.4</ele></trkpt>
      <trkpt lat="48.71265" lon="-114.58978"><ele>1390.2</ele></trkpt>
      <trkpt lat="48.71271" lon="-114.58981"><ele>1390.1</ele></trkpt>
      <trkpt lat="48.71277" lon="-114.58983"><ele>1390.1</ele></trkpt>
      <trkpt lat="48.71287" lon="-114.58984"><ele>1390.1</ele></trkpt>
      <trkpt lat="48.71292" lon="-114.58985"><ele>1390.1</ele></trkpt>
      <trkpt lat="48.71316" lon="-114.58985"><ele>1390.4</ele></trkpt>
      <trkpt lat="48.71366" lon="-114.58978"><ele>1396.5</ele></trkpt>
      <trkpt lat="48.71371" lon="-114.58979"><ele>1396.7</ele></trkpt>
      <trkpt lat="48.71384" lon="-114.58977"><ele>1398</ele></trkpt>
      <trkpt lat="48.71388" lon="-114.58977"><ele>1398.2</ele></trkpt>
      <trkpt lat="48.714" lon="-114.58976"><ele>1399.2</ele></trkpt>
      <trkpt lat="48.7141" lon="-114.58974"><ele>1400.1</ele></trkpt>
      <trkpt lat="48.71429" lon="-114.58977"><ele>1401.8</ele></trkpt>
      <trkpt lat="48.71435" lon="-114.58978"><ele>1403.4</ele></trkpt>
      <trkpt lat="48.71439" lon="-114.58977"><ele>1404.7</ele></trkpt>
      <trkpt lat="48.71455" lon="-114.58977"><ele>1408</ele></trkpt>
      <trkpt lat="48.71465" lon="-114.58976"><ele>1408.8</ele></trkpt>
      <trkpt lat="48.71496" lon="-114.58971"><ele>1411</ele></trkpt>
      <trkpt lat="48.71503" lon="-114.58968"><ele>1411.7</ele></trkpt>
      <trkpt lat="48.71531" lon="-114.58961"><ele>1414.8</ele></trkpt>
      <trkpt lat="48.71544" lon="-114.5896"><ele>1418.1</ele></trkpt>
      <trkpt lat="48.71569" lon="-114.58956"><ele>1419.6</ele></trkpt>
      <trkpt lat="48.71575" lon="-114.58956"><ele>1419.7</ele></trkpt>
      <trkpt lat="48.71581" lon="-114.58955"><ele>1420.1</ele></trkpt>
      <trkpt lat="48.71594" lon="-114.58955"><ele>1420.6</ele></trkpt>
      <trkpt lat="48.716" lon="-114.58954"><ele>1421.1</ele></trkpt>
      <trkpt lat="48.71605" lon="-114.58953"><ele>1421.5</ele></trkpt>
      <trkpt lat="48.71617" lon="-114.58954"><ele>1422</ele></trkpt>
      <trkpt lat="48.7165" lon="-114.58958"><ele>1423.1</ele></trkpt>
      <trkpt lat="48.71682" lon="-114.58964"><ele>1423.7</ele></trkpt>
      <trkpt lat="48.71702" lon="-114.58967"><ele>1424.2</ele></trkpt>
      <trkpt lat="48.71719" lon="-114.58967"><ele>1424.7</ele></trkpt>
      <trkpt lat="48.71732" lon="-114.58964"><ele>1425.5</ele></trkpt>
      <trkpt lat="48.71751" lon="-114.58957"><ele>1428</ele></trkpt>
      <trkpt lat="48.71782" lon="-114.58941"><ele>1430.8</ele></trkpt>
      <trkpt lat="48.71795" lon="-114.58933"><ele>1432.3</ele></trkpt>
      <trkpt lat="48.71813" lon="-114.58923"><ele>1433.6</ele></trkpt>
      <trkpt lat="48.71822" lon="-114.58918"><ele>1434.1</ele></trkpt>
      <trkpt lat="48.71833" lon="-114.58914"><ele>1434.4</ele></trkpt>
      <trkpt lat="48.71868" lon="-114.58894"><ele>1435.6</ele></trkpt>
      <trkpt lat="48.71894" lon="-114.58882"><ele>1435.8</ele></trkpt>
      <trkpt lat="48.71901" lon="-114.5888"><ele>1435.8</ele></trkpt>
      <trkpt lat="48.71918" lon="-114.58868"><ele>1436.2</ele></trkpt>
      <trkpt lat="48.71935" lon="-114.58858"><ele>1436.5</ele></trkpt>
      <trkpt lat="48.7195" lon="-114.58852"><ele>1436.4</ele></trkpt>
      <trkpt lat="48.71973" lon="-114.5884"><ele>1436.5</ele></trkpt>
      <trkpt lat="48.72018" lon="-114.58813"><ele>1436.8</ele></trkpt>
      <trkpt lat="48.72098" lon="-114.5877"><ele>1435.3</ele></trkpt>
      <trkpt lat="48.72111" lon="-114.58761"><ele>1435</ele></trkpt>
      <trkpt lat="48.72117" lon="-114.58756"><ele>1434.9</ele></trkpt>
      <trkpt lat="48.72128" lon="-114.58745"><ele>1434.8</ele></trkpt>
      <trkpt lat="48.72133" lon="-114.58739"><ele>1434.8</ele></trkpt>
      <trkpt lat="48.72137" lon="-114.58732"><ele>1435</ele></trkpt>
      <trkpt lat="48.7215" lon="-114.58709"><ele>1435.4</ele></trkpt>
      <trkpt lat="48.72172" lon="-114.58664"><ele>1436.5</ele></trkpt>
      <trkpt lat="48.72182" lon="-114.58641"><ele>1437.5</ele></trkpt>
      <trkpt lat="48.72186" lon="-114.58634"><ele>1437.6</ele></trkpt>
      <trkpt lat="48.7219" lon="-114.58627"><ele>1437.8</ele></trkpt>
      <trkpt lat="48.72196" lon="-114.58621"><ele>1437.8</ele></trkpt>
      <trkpt lat="48.72208" lon="-114.5861"><ele>1437.9</ele></trkpt>
      <trkpt lat="48.72238" lon="-114.58586"><ele>1437.6</ele></trkpt>
      <trkpt lat="48.72269" lon="-114.58565"><ele>1437.1</ele></trkpt>
      <trkpt lat="48.72303" lon="-114.58545"><ele>1436.1</ele></trkpt>
      <trkpt lat="48.72309" lon="-114.5854"><ele>1436.4</ele></trkpt>
      <trkpt lat="48.7232" lon="-114.58529"><ele>1438.3</ele></trkpt>
      <trkpt lat="48.72326" lon="-114.58524"><ele>1439.9</ele></trkpt>
      <trkpt lat="48.72332" lon="-114.58521"><ele>1441.5</ele></trkpt>
      <trkpt lat="48.7235" lon="-114.58517"><ele>1443.5</ele></trkpt>
      <trkpt lat="48.72355" lon="-114.58516"><ele>1443.4</ele></trkpt>
      <trkpt lat="48.72359" lon="-114.58515"><ele>1443.2</ele></trkpt>
      <trkpt lat="48.72369" lon="-114.58508"><ele>1443.3</ele></trkpt>
      <trkpt lat="48.72387" lon="-114.58494"><ele>1443.7</ele></trkpt>
      <trkpt lat="48.72406" lon="-114.5848"><ele>1443.8</ele></trkpt>
      <trkpt lat="48.72419" lon="-114.58473"><ele>1443.5</ele></trkpt>
      <trkpt lat="48.72445" lon="-114.58455"><ele>1443.6</ele></trkpt>
      <trkpt lat="48.72458" lon="-114.58441"><ele>1444.2</ele></trkpt>
      <trkpt lat="48.72462" lon="-114.58436"><ele>1444.4</ele></trkpt>
      <trkpt lat="48.72468" lon="-114.58431"><ele>1444.2</ele></trkpt>
      <trkpt lat="48.72474" lon="-114.58426"><ele>1443.9</ele></trkpt>
      <trkpt lat="48.7249" lon="-114.58414"><ele>1443.3</ele></trkpt>
      <trkpt lat="48.72547" lon="-114.58375"><ele>1445.7</ele></trkpt>
      <trkpt lat="48.72561" lon="-114.58363"><ele>1445.8</ele></trkpt>
      <trkpt lat="48.72571" lon="-114.58352"><ele>1446.1</ele></trkpt>
      <trkpt lat="48.72583" lon="-114.58341"><ele>1446.2</ele></trkpt>
      <trkpt lat="48.72589" lon="-114.58336"><ele>1446.2</ele></trkpt>
      <trkpt lat="48.72605" lon="-114.58322"><ele>1446.2</ele></trkpt>
      <trkpt lat="48.72611" lon="-114.58319"><ele>1445.9</ele></trkpt>
      <trkpt lat="48.72616" lon="-114.58314"><ele>1446</ele></trkpt>
      <trkpt lat="48.72638" lon="-114.58295"><ele>1445.8</ele></trkpt>
      <trkpt lat="48.72645" lon="-114.58291"><ele>1445.5</ele></trkpt>
      <trkpt lat="48.7265" lon="-114.58285"><ele>1445.7</ele></trkpt>
      <trkpt lat="48.72654" lon="-114.58279"><ele>1446</ele></trkpt>
      <trkpt lat="48.72671" lon="-114.5825"><ele>1446.6</ele></trkpt>
      <trkpt lat="48.72674" lon="-114.58243"><ele>1446.8</ele></trkpt>
      <trkpt lat="48.72687" lon="-114.58196"><ele>1447.9</ele></trkpt>
      <trkpt lat="48.72693" lon="-114.58177"><ele>1448.3</ele></trkpt>
      <trkpt lat="48.72697" lon="-114.58168"><ele>1448.8</ele></trkpt>
      <trkpt lat="48.72704" lon="-114.58153"><ele>1450.4</ele></trkpt>
      <trkpt lat="48.72709" lon="-114.58146"><ele>1452</ele></trkpt>
      <trkpt lat="48.7272" lon="-114.58133"><ele>1455</ele></trkpt>
      <trkpt lat="48.72725" lon="-114.58127"><ele>1456</ele></trkpt>
      <trkpt lat="48.72744" lon="-114.58112"><ele>1457.2</ele></trkpt>
      <trkpt lat="48.72762" lon="-114.58098"><ele>1457.4</ele></trkpt>
      <trkpt lat="48.7278" lon="-114.58082"><ele>1456.9</ele></trkpt>
      <trkpt lat="48.72807" lon="-114.58055"><ele>1455</ele></trkpt>
      <trkpt lat="48.72809" lon="-114.58052"><ele>1455.3</ele></trkpt>
      <trkpt lat="48.72823" lon="-114.58036"><ele>1457.1</ele></trkpt>
      <trkpt lat="48.72836" lon="-114.58026"><ele>1458.3</ele></trkpt>
      <trkpt lat="48.72851" lon="-114.5801"><ele>1459.8</ele></trkpt>
      <trkpt lat="48.72872" lon="-114.57987"><ele>1460.6</ele></trkpt>
      <trkpt lat="48.72887" lon="-114.57976"><ele>1460.2</ele></trkpt>
      <trkpt lat="48.72902" lon="-114.57967"><ele>1459.7</ele></trkpt>
      <trkpt lat="48.72917" lon="-114.57958"><ele>1459.2</ele></trkpt>
      <trkpt lat="48.7294" lon="-114.57935"><ele>1459.8</ele></trkpt>
      <trkpt lat="48.72954" lon="-114.5792"><ele>1460.5</ele></trkpt>
      <trkpt lat="48.72978" lon="-114.57908"><ele>1461.7</ele></trkpt>
      <trkpt lat="48.72991" lon="-114.57897"><ele>1465.3</ele></trkpt>
      <trkpt lat="48.73011" lon="-114.57882"><ele>1469.3</ele></trkpt>
      <trkpt lat="48.73019" lon="-114.57879"><ele>1469.7</ele></trkpt>
      <trkpt lat="48.73026" lon="-114.57876"><ele>1470.1</ele></trkpt>
      <trkpt lat="48.73041" lon="-114.57873"><ele>1470.2</ele></trkpt>
      <trkpt lat="48.73055" lon="-114.57872"><ele>1470.1</ele></trkpt>
      <trkpt lat="48.73069" lon="-114.57868"><ele>1470.6</ele></trkpt>
      <trkpt lat="48.73076" lon="-114.57868"><ele>1470.5</ele></trkpt>
      <trkpt lat="48.73099" lon="-114.57865"><ele>1470.5</ele></trkpt>
      <trkpt lat="48.73111" lon="-114.57863"><ele>1470.5</ele></trkpt>
      <trkpt lat="48.73121" lon="-114.57859"><ele>1470.9</ele></trkpt>
      <trkpt lat="48.7313" lon="-114.57857"><ele>1471</ele></trkpt>
      <trkpt lat="48.73136" lon="-114.57855"><ele>1471</ele></trkpt>
      <trkpt lat="48.73145" lon="-114.57852"><ele>1471</ele></trkpt>
      <trkpt lat="48.73156" lon="-114.57844"><ele>1471.8</ele></trkpt>
      <trkpt lat="48.73161" lon="-114.5784"><ele>1472.2</ele></trkpt>
      <trkpt lat="48.73174" lon="-114.57834"><ele>1472.3</ele></trkpt>
      <trkpt lat="48.7318" lon="-114.5783"><ele>1473.3</ele></trkpt>
      <trkpt lat="48.73186" lon="-114.57826"><ele>1474.6</ele></trkpt>
      <trkpt lat="48.7319" lon="-114.5782"><ele>1476.4</ele></trkpt>
      <trkpt lat="48.73199" lon="-114.57808"><ele>1479.5</ele></trkpt>
      <trkpt lat="48.73203" lon="-114.57802"><ele>1480.7</ele></trkpt>
      <trkpt lat="48.73208" lon="-114.57796"><ele>1481.3</ele></trkpt>
      <trkpt lat="48.73212" lon="-114.5779"><ele>1482.1</ele></trkpt>
      <trkpt lat="48.7323" lon="-114.57778"><ele>1482</ele></trkpt>
      <trkpt lat="48.73237" lon="-114.57776"><ele>1481.4</ele></trkpt>
      <trkpt lat="48.73244" lon="-114.57772"><ele>1481.2</ele></trkpt>
      <trkpt lat="48.73256" lon="-114.57761"><ele>1481.9</ele></trkpt>
      <trkpt lat="48.73261" lon="-114.57757"><ele>1482.1</ele></trkpt>
      <trkpt lat="48.73266" lon="-114.57751"><ele>1482.8</ele></trkpt>
      <trkpt lat="48.73269" lon="-114.57746"><ele>1483.4</ele></trkpt>
      <trkpt lat="48.73273" lon="-114.57739"><ele>1484.4</ele></trkpt>
      <trkpt lat="48.73277" lon="-114.57733"><ele>1485.1</ele></trkpt>
      <trkpt lat="48.73289" lon="-114.57715"><ele>1488.5</ele></trkpt>
      <trkpt lat="48.73299" lon="-114.577"><ele>1490.5</ele></trkpt>
      <trkpt lat="48.73303" lon="-114.57693"><ele>1490.9</ele></trkpt>
      <trkpt lat="48.73317" lon="-114.57677"><ele>1491.4</ele></trkpt>
      <trkpt lat="48.73318" lon="-114.57676"><ele>1491.5</ele></trkpt>
      <trkpt lat="48.73322" lon="-114.57668"><ele>1492.1</ele></trkpt>
      <trkpt lat="48.73325" lon="-114.57661"><ele>1492.7</ele></trkpt>
      <trkpt lat="48.73327" lon="-114.57652"><ele>1493.6</ele></trkpt>
      <trkpt lat="48.7333" lon="-114.57644"><ele>1494.4</ele></trkpt>
      <trkpt lat="48.73331" lon="-114.57634"><ele>1495.6</ele></trkpt>
      <trkpt lat="48.73334" lon="-114.57625"><ele>1496.5</ele></trkpt>
      <trkpt lat="48.73342" lon="-114.57607"><ele>1498.8</ele></trkpt>
      <trkpt lat="48.73357" lon="-114.57582"><ele>1502.6</ele></trkpt>
      <trkpt lat="48.73373" lon="-114.57561"><ele>1503.8</ele></trkpt>
      <trkpt lat="48.73377" lon="-114.57553"><ele>1504.6</ele></trkpt>
      <trkpt lat="48.73382" lon="-114.57546"><ele>1505.2</ele></trkpt>
      <trkpt lat="48.73388" lon="-114.57539"><ele>1505.7</ele></trkpt>
      <trkpt lat="48.73395" lon="-114.57528"><ele>1506.9</ele></trkpt>
      <trkpt lat="48.73406" lon="-114.57518"><ele>1507.6</ele></trkpt>
      <trkpt lat="48.73425" lon="-114.57495"><ele>1509.4</ele></trkpt>
      <trkpt lat="48.73438" lon="-114.57478"><ele>1511.3</ele></trkpt>
      <trkpt lat="48.73445" lon="-114.57471"><ele>1512.7</ele></trkpt>
      <trkpt lat="48.73477" lon="-114.5744"><ele>1515.7</ele></trkpt>
      <trkpt lat="48.73488" lon="-114.57427"><ele>1516.7</ele></trkpt>
      <trkpt lat="48.73501" lon="-114.57406"><ele>1518.7</ele></trkpt>
      <trkpt lat="48.73505" lon="-114.57398"><ele>1519.6</ele></trkpt>
      <trkpt lat="48.73512" lon="-114.57382"><ele>1521.4</ele></trkpt>
      <trkpt lat="48.73524" lon="-114.5736"><ele>1524.9</ele></trkpt>
      <trkpt lat="48.73529" lon="-114.57354"><ele>1525.8</ele></trkpt>
      <trkpt lat="48.73536" lon="-114.5734"><ele>1526.3</ele></trkpt>
      <trkpt lat="48.73537" lon="-114.57332"><ele>1527.1</ele></trkpt>
      <trkpt lat="48.7354" lon="-114.57324"><ele>1527.4</ele></trkpt>
      <trkpt lat="48.73545" lon="-114.57317"><ele>1527.4</ele></trkpt>
      <trkpt lat="48.73547" lon="-114.5731"><ele>1528.1</ele></trkpt>
      <trkpt lat="48.73548" lon="-114.57299"><ele>1529.6</ele></trkpt>
      <trkpt lat="48.73551" lon="-114.57291"><ele>1530.6</ele></trkpt>
      <trkpt lat="48.73556" lon="-114.57285"><ele>1530.9</ele></trkpt>
      <trkpt lat="48.73562" lon="-114.5727"><ele>1532.6</ele></trkpt>
      <trkpt lat="48.73571" lon="-114.57257"><ele>1533.6</ele></trkpt>
      <trkpt lat="48.73576" lon="-114.57251"><ele>1534.2</ele></trkpt>
      <trkpt lat="48.73594" lon="-114.5723"><ele>1537.5</ele></trkpt>
      <trkpt lat="48.73602" lon="-114.57218"><ele>1538.7</ele></trkpt>
      <trkpt lat="48.73606" lon="-114.57212"><ele>1539.2</ele></trkpt>
      <trkpt lat="48.73609" lon="-114.57206"><ele>1539.8</ele></trkpt>
      <trkpt lat="48.73612" lon="-114.57198"><ele>1540.8</ele></trkpt>
      <trkpt lat="48.73621" lon="-114.57174"><ele>1543.3</ele></trkpt>
      <trkpt lat="48.73625" lon="-114.57165"><ele>1544.1</ele></trkpt>
      <trkpt lat="48.7363" lon="-114.57159"><ele>1544.4</ele></trkpt>
      <trkpt lat="48.73635" lon="-114.57151"><ele>1545.1</ele></trkpt>
      <trkpt lat="48.73649" lon="-114.57131"><ele>1548.5</ele></trkpt>
      <trkpt lat="48.73669" lon="-114.57106"><ele>1552.5</ele></trkpt>
      <trkpt lat="48.73672" lon="-114.57097"><ele>1553.8</ele></trkpt>
      <trkpt lat="48.73695" lon="-114.57069"><ele>1557</ele></trkpt>
      <trkpt lat="48.737" lon="-114.57064"><ele>1557.5</ele></trkpt>
      <trkpt lat="48.73708" lon="-114.57059"><ele>1557.9</ele></trkpt>
      <trkpt lat="48.73716" lon="-114.57055"><ele>1558.3</ele></trkpt>
      <trkpt lat="48.73723" lon="-114.57051"><ele>1559.1</ele></trkpt>
      <trkpt lat="48.73727" lon="-114.57046"><ele>1560.3</ele></trkpt>
      <trkpt lat="48.73734" lon="-114.57043"><ele>1561.7</ele></trkpt>
      <trkpt lat="48.73744" lon="-114.57039"><ele>1563.3</ele></trkpt>
      <trkpt lat="48.7375" lon="-114.57034"><ele>1564.1</ele></trkpt>
      <trkpt lat="48.73754" lon="-114.57028"><ele>1564.8</ele></trkpt>
      <trkpt lat="48.73759" lon="-114.57023"><ele>1565.3</ele></trkpt>
      <trkpt lat="48.73769" lon="-114.57011"><ele>1566.7</ele></trkpt>
      <trkpt lat="48.73776" lon="-114.57007"><ele>1566.9</ele></trkpt>
      <trkpt lat="48.73781" lon="-114.57001"><ele>1567.6</ele></trkpt>
      <trkpt lat="48.73796" lon="-114.56985"><ele>1569.2</ele></trkpt>
      <trkpt lat="48.73817" lon="-114.56978"><ele>1568.7</ele></trkpt>
      <trkpt lat="48.73829" lon="-114.56975"><ele>1568.6</ele></trkpt>
      <trkpt lat="48.73848" lon="-114.56965"><ele>1573</ele></trkpt>
      <trkpt lat="48.73852" lon="-114.56959"><ele>1574.9</ele></trkpt>
      <trkpt lat="48.73857" lon="-114.56954"><ele>1575.9</ele></trkpt>
      <trkpt lat="48.73867" lon="-114.56942"><ele>1578</ele></trkpt>
      <trkpt lat="48.73879" lon="-114.56933"><ele>1579</ele></trkpt>
      <trkpt lat="48.73898" lon="-114.56923"><ele>1578.5</ele></trkpt>
      <trkpt lat="48.73924" lon="-114.56903"><ele>1577.1</ele></trkpt>
      <trkpt lat="48.7393" lon="-114.56899"><ele>1578.7</ele></trkpt>
      <trkpt lat="48.73939" lon="-114.56894"><ele>1581.2</ele></trkpt>
      <trkpt lat="48.73947" lon="-114.56893"><ele>1582.4</ele></trkpt>
      <trkpt lat="48.73954" lon="-114.56894"><ele>1583.1</ele></trkpt>
      <trkpt lat="48.73962" lon="-114.56896"><ele>1584.6</ele></trkpt>
      <trkpt lat="48.73971" lon="-114.569"><ele>1587.7</ele></trkpt>
      <trkpt lat="48.73993" lon="-114.56907"><ele>1594</ele></trkpt>
      <trkpt lat="48.74001" lon="-114.5691"><ele>1595.5</ele></trkpt>
      <trkpt lat="48.74012" lon="-114.56916"><ele>1597.1</ele></trkpt>
      <trkpt lat="48.74018" lon="-114.5692"><ele>1597.8</ele></trkpt>
      <trkpt lat="48.74023" lon="-114.56926"><ele>1597.4</ele></trkpt>
      <trkpt lat="48.74028" lon="-114.56931"><ele>1597.3</ele></trkpt>
      <trkpt lat="48.74046" lon="-114.56945"><ele>1601.5</ele></trkpt>
      <trkpt lat="48.74058" lon="-114.56952"><ele>1603.5</ele></trkpt>
      <trkpt lat="48.74083" lon="-114.56965"><ele>1604.5</ele></trkpt>
      <trkpt lat="48.74119" lon="-114.56982"><ele>1606</ele></trkpt>
      <trkpt lat="48.74138" lon="-114.5699"><ele>1609.9</ele></trkpt>
      <trkpt lat="48.74142" lon="-114.56991"><ele>1611.3</ele></trkpt>
      <trkpt lat="48.74152" lon="-114.56996"><ele>1614</ele></trkpt>
      <trkpt lat="48.74159" lon="-114.56999"><ele>1615.1</ele></trkpt>
      <trkpt lat="48.74175" lon="-114.57011"><ele>1616.2</ele></trkpt>
      <trkpt lat="48.74182" lon="-114.57016"><ele>1616.7</ele></trkpt>
      <trkpt lat="48.74187" lon="-114.57022"><ele>1616.5</ele></trkpt>
      <trkpt lat="48.74193" lon="-114.57025"><ele>1617</ele></trkpt>
      <trkpt lat="48.74199" lon="-114.5703"><ele>1616.9</ele></trkpt>
      <trkpt lat="48.74207" lon="-114.57033"><ele>1617.4</ele></trkpt>
      <trkpt lat="48.74224" lon="-114.57035"><ele>1618.7</ele></trkpt>
      <trkpt lat="48.74238" lon="-114.57034"><ele>1620.3</ele></trkpt>
      <trkpt lat="48.74259" lon="-114.57031"><ele>1625.8</ele></trkpt>
      <trkpt lat="48.74278" lon="-114.5703"><ele>1628.4</ele></trkpt>
      <trkpt lat="48.74291" lon="-114.57031"><ele>1629.2</ele></trkpt>
      <trkpt lat="48.74311" lon="-114.57031"><ele>1630.6</ele></trkpt>
      <trkpt lat="48.74338" lon="-114.57036"><ele>1631.5</ele></trkpt>
      <trkpt lat="48.74352" lon="-114.57037"><ele>1633.5</ele></trkpt>
      <trkpt lat="48.74371" lon="-114.57033"><ele>1638.7</ele></trkpt>
      <trkpt lat="48.74384" lon="-114.5703"><ele>1640</ele></trkpt>
      <trkpt lat="48.74397" lon="-114.57025"><ele>1641.5</ele></trkpt>
      <trkpt lat="48.74411" lon="-114.57023"><ele>1642.3</ele></trkpt>
      <trkpt lat="48.7444" lon="-114.57021"><ele>1643.2</ele></trkpt>
      <trkpt lat="48.74488" lon="-114.57021"><ele>1652.2</ele></trkpt>
      <trkpt lat="48.74508" lon="-114.57023"><ele>1654.5</ele></trkpt>
      <trkpt lat="48.74521" lon="-114.57026"><ele>1655.2</ele></trkpt>
      <trkpt lat="48.74547" lon="-114.57034"><ele>1656.4</ele></trkpt>
      <trkpt lat="48.74564" lon="-114.57042"><ele>1656.4</ele></trkpt>
      <trkpt lat="48.746" lon="-114.57059"><ele>1663.3</ele></trkpt>
      <trkpt lat="48.74618" lon="-114.5707"><ele>1664</ele></trkpt>
      <trkpt lat="48.74624" lon="-114.57072"><ele>1664.3</ele></trkpt>
      <trkpt lat="48.74631" lon="-114.57073"><ele>1664.8</ele></trkpt>
      <trkpt lat="48.74634" lon="-114.57074"><ele>1664.9</ele></trkpt>
      <trkpt lat="48.74663" lon="-114.57075"><ele>1667.5</ele></trkpt>
      <trkpt lat="48.74677" lon="-114.57078"><ele>1668.4</ele></trkpt>
      <trkpt lat="48.74683" lon="-114.57081"><ele>1668.6</ele></trkpt>
      <trkpt lat="48.74714" lon="-114.57098"><ele>1675.4</ele></trkpt>
      <trkpt lat="48.74734" lon="-114.5711"><ele>1676.7</ele></trkpt>
      <trkpt lat="48.74748" lon="-114.57119"><ele>1677.4</ele></trkpt>
      <trkpt lat="48.74773" lon="-114.57132"><ele>1679.2</ele></trkpt>
      <trkpt lat="48.74781" lon="-114.57135"><ele>1680</ele></trkpt>
      <trkpt lat="48.748" lon="-114.57147"><ele>1680</ele></trkpt>
      <trkpt lat="48.74807" lon="-114.57149"><ele>1680.6</ele></trkpt>
      <trkpt lat="48.74813" lon="-114.57149"><ele>1681.3</ele></trkpt>
      <trkpt lat="48.74818" lon="-114.57145"><ele>1682.3</ele></trkpt>
      <trkpt lat="48.74826" lon="-114.57135"><ele>1683.9</ele></trkpt>
      <trkpt lat="48.74835" lon="-114.57107"><ele>1688.3</ele></trkpt>
      <trkpt lat="48.74839" lon="-114.57101"><ele>1689.5</ele></trkpt>
      <trkpt lat="48.74843" lon="-114.57096"><ele>1690.6</ele></trkpt>
      <trkpt lat="48.74849" lon="-114.57094"><ele>1691.4</ele></trkpt>
      <trkpt lat="48.74861" lon="-114.57097"><ele>1692.1</ele></trkpt>
      <trkpt lat="48.74874" lon="-114.57103"><ele>1692.3</ele></trkpt>
      <trkpt lat="48.74884" lon="-114.57109"><ele>1692.6</ele></trkpt>
      <trkpt lat="48.74889" lon="-114.57113"><ele>1692.8</ele></trkpt>
      <trkpt lat="48.74893" lon="-114.57117"><ele>1693.2</ele></trkpt>
      <trkpt lat="48.74905" lon="-114.57136"><ele>1693.9</ele></trkpt>
      <trkpt lat="48.7491" lon="-114.57141"><ele>1694.2</ele></trkpt>
      <trkpt lat="48.74917" lon="-114.57149"><ele>1694.5</ele></trkpt>
      <trkpt lat="48.74917" lon="-114.57149"><ele>1694.5</ele></trkpt>
      <trkpt lat="48.74947" lon="-114.57179"><ele>1694</ele></trkpt>
      <trkpt lat="48.7497" lon="-114.57198"><ele>1693.2</ele></trkpt>
      <trkpt lat="48.74974" lon="-114.57201"><ele>1693.1</ele></trkpt>
      <trkpt lat="48.7498" lon="-114.57204"><ele>1693.1</ele></trkpt>
      <trkpt lat="48.75021" lon="-114.57214"><ele>1694.5</ele></trkpt>
      <trkpt lat="48.75076" lon="-114.57221"><ele>1705.2</ele></trkpt>
      <trkpt lat="48.75104" lon="-114.57222"><ele>1710.5</ele></trkpt>
      <trkpt lat="48.75108" lon="-114.57223"><ele>1711.3</ele></trkpt>
      <trkpt lat="48.75124" lon="-114.57232"><ele>1713.7</ele></trkpt>
      <trkpt lat="48.75127" lon="-114.57232"><ele>1714.2</ele></trkpt>
      <trkpt lat="48.7513" lon="-114.5723"><ele>1714.9</ele></trkpt>
      <trkpt lat="48.75133" lon="-114.57228"><ele>1715.3</ele></trkpt>
      <trkpt lat="48.75136" lon="-114.57223"><ele>1715.7</ele></trkpt>
      <trkpt lat="48.75138" lon="-114.57218"><ele>1715.8</ele></trkpt>
      <trkpt lat="48.75138" lon="-114.57213"><ele>1715.6</ele></trkpt>
      <trkpt lat="48.75138" lon="-114.57208"><ele>1715.6</ele></trkpt>
      <trkpt lat="48.75137" lon="-114.572"><ele>1715.6</ele></trkpt>
      <trkpt lat="48.75133" lon="-114.57173"><ele>1712.7</ele></trkpt>
      <trkpt lat="48.7513" lon="-114.57165"><ele>1711.2</ele></trkpt>
      <trkpt lat="48.75129" lon="-114.57158"><ele>1710.2</ele></trkpt>
      <trkpt lat="48.75126" lon="-114.57152"><ele>1709.4</ele></trkpt>
      <trkpt lat="48.75113" lon="-114.57115"><ele>1706.4</ele></trkpt>
      <trkpt lat="48.75083" lon="-114.57011"><ele>1699.8</ele></trkpt>
      <trkpt lat="48.75081" lon="-114.57004"><ele>1699.6</ele></trkpt>
      <trkpt lat="48.75079" lon="-114.56996"><ele>1699.1</ele></trkpt>
      <trkpt lat="48.75071" lon="-114.56948"><ele>1697.2</ele></trkpt>
      <trkpt lat="48.7507" lon="-114.56943"><ele>1697.3</ele></trkpt>
      <trkpt lat="48.7507" lon="-114.56938"><ele>1697.3</ele></trkpt>
      <trkpt lat="48.75071" lon="-114.56909"><ele>1697.9</ele></trkpt>
      <trkpt lat="48.75071" lon="-114.56905"><ele>1698</ele></trkpt>
      <trkpt lat="48.75072" lon="-114.569"><ele>1698</ele></trkpt>
      <trkpt lat="48.7509" lon="-114.56834"><ele>1694.5</ele></trkpt>
      <trkpt lat="48.75099" lon="-114.56809"><ele>1694.1</ele></trkpt>
      <trkpt lat="48.75102" lon="-114.56804"><ele>1694.3</ele></trkpt>
      <trkpt lat="48.75104" lon="-114.56801"><ele>1694.4</ele></trkpt>
      <trkpt lat="48.75107" lon="-114.56797"><ele>1694.6</ele></trkpt>
      <trkpt lat="48.75109" lon="-114.56794"><ele>1694.8</ele></trkpt>
      <trkpt lat="48.75148" lon="-114.56773"><ele>1694.5</ele></trkpt>
      <trkpt lat="48.75154" lon="-114.56769"><ele>1694.4</ele></trkpt>
      <trkpt lat="48.75159" lon="-114.56764"><ele>1694.3</ele></trkpt>
      <trkpt lat="48.75164" lon="-114.56759"><ele>1694.2</ele></trkpt>
      <trkpt lat="48.7517" lon="-114.56752"><ele>1694.1</ele></trkpt>
      <trkpt lat="48.75174" lon="-114.56743"><ele>1694.2</ele></trkpt>
      <trkpt lat="48.75183" lon="-114.56725"><ele>1694.2</ele></trkpt>
      <trkpt lat="48.75187" lon="-114.56715"><ele>1694.2</ele></trkpt>
      <trkpt lat="48.75215" lon="-114.56634"><ele>1693.3</ele></trkpt>
      <trkpt lat="48.75217" lon="-114.56625"><ele>1693.1</ele></trkpt>
      <trkpt lat="48.7522" lon="-114.56609"><ele>1692.8</ele></trkpt>
      <trkpt lat="48.75224" lon="-114.56576"><ele>1692.6</ele></trkpt>
      <trkpt lat="48.75227" lon="-114.56557"><ele>1693</ele></trkpt>
      <trkpt lat="48.75229" lon="-114.56548"><ele>1693.4</ele></trkpt>
      <trkpt lat="48.75231" lon="-114.56542"><ele>1693.7</ele></trkpt>
      <trkpt lat="48.75233" lon="-114.56536"><ele>1693.9</ele></trkpt>
      <trkpt lat="48.75254" lon="-114.56501"><ele>1694.7</ele></trkpt>
      <trkpt lat="48.75262" lon="-114.56491"><ele>1694.5</ele></trkpt>
      <trkpt lat="48.7528" lon="-114.56468"><ele>1694.3</ele></trkpt>
      <trkpt lat="48.75343" lon="-114.56387"><ele>1691.1</ele></trkpt>
      <trkpt lat="48.75366" lon="-114.56353"><ele>1692</ele></trkpt>
      <trkpt lat="48.7537" lon="-114.56351"><ele>1691.9</ele></trkpt>
      <trkpt lat="48.75373" lon="-114.5635"><ele>1691.7</ele></trkpt>
      <trkpt lat="48.75376" lon="-114.56349"><ele>1691.5</ele></trkpt>
      <trkpt lat="48.7538" lon="-114.5635"><ele>1691.1</ele></trkpt>
      <trkpt lat="48.754" lon="-114.56357"><ele>1690.1</ele></trkpt>
      <trkpt lat="48.75429" lon="-114.56367"><ele>1690</ele></trkpt>
      <trkpt lat="48.75447" lon="-114.56376"><ele>1689.6</ele></trkpt>
      <trkpt lat="48.75491" lon="-114.56399"><ele>1691.6</ele></trkpt>
      <trkpt lat="48.75497" lon="-114.56401"><ele>1692</ele></trkpt>
      <trkpt lat="48.75503" lon="-114.56403"><ele>1692.4</ele></trkpt>
      <trkpt lat="48.75509" lon="-114.56404"><ele>1692.8</ele></trkpt>
      <trkpt lat="48.75515" lon="-114.56403"><ele>1692.9</ele></trkpt>
      <trkpt lat="48.75521" lon="-114.56402"><ele>1693.1</ele></trkpt>
      <trkpt lat="48.7553" lon="-114.564"><ele>1693.4</ele></trkpt>
      <trkpt lat="48.75537" lon="-114.56397"><ele>1693.5</ele></trkpt>
      <trkpt lat="48.75599" lon="-114.56356"><ele>1695</ele></trkpt>
      <trkpt lat="48.75606" lon="-114.56349"><ele>1694.9</ele></trkpt>
      <trkpt lat="48.7561" lon="-114.56344"><ele>1694.8</ele></trkpt>
      <trkpt lat="48.75615" lon="-114.56337"><ele>1694.7</ele></trkpt>
      <trkpt lat="48.75648" lon="-114.5629"><ele>1694.4</ele></trkpt>
      <trkpt lat="48.75657" lon="-114.5628"><ele>1694</ele></trkpt>
      <trkpt lat="48.75666" lon="-114.56271"><ele>1693.4</ele></trkpt>
      <trkpt lat="48.75675" lon="-114.56265"><ele>1693.4</ele></trkpt>
      <trkpt lat="48.75679" lon="-114.56262"><ele>1693.3</ele></trkpt>
      <trkpt lat="48.75685" lon="-114.5626"><ele>1693.4</ele></trkpt>
      <trkpt lat="48.75696" lon="-114.56258"><ele>1693.1</ele></trkpt>
      <trkpt lat="48.75708" lon="-114.56258"><ele>1692.7</ele></trkpt>
      <trkpt lat="48.75715" lon="-114.56257"><ele>1692.5</ele></trkpt>
      <trkpt lat="48.75725" lon="-114.56256"><ele>1692.8</ele></trkpt>
      <trkpt lat="48.75735" lon="-114.56253"><ele>1693.5</ele></trkpt>
      <trkpt lat="48.75747" lon="-114.56246"><ele>1694.1</ele></trkpt>
      <trkpt lat="48.75798" lon="-114.56202"><ele>1692.2</ele></trkpt>
      <trkpt lat="48.75803" lon="-114.56198"><ele>1691.7</ele></trkpt>
      <trkpt lat="48.75851" lon="-114.56181"><ele>1692.4</ele></trkpt>
      <trkpt lat="48.75856" lon="-114.56181"><ele>1692.7</ele></trkpt>
      <trkpt lat="48.75867" lon="-114.56185"><ele>1693.4</ele></trkpt>
      <trkpt lat="48.75909" lon="-114.56194"><ele>1691</ele></trkpt>
      <trkpt lat="48.75922" lon="-114.56193"><ele>1690.9</ele></trkpt>
      <trkpt lat="48.7593" lon="-114.56191"><ele>1690.8</ele></trkpt>
      <trkpt lat="48.7594" lon="-114.56185"><ele>1690.4</ele></trkpt>
      <trkpt lat="48.75947" lon="-114.5618"><ele>1690.3</ele></trkpt>
      <trkpt lat="48.75956" lon="-114.56172"><ele>1690.3</ele></trkpt>
      <trkpt lat="48.75964" lon="-114.56164"><ele>1690.5</ele></trkpt>
      <trkpt lat="48.75969" lon="-114.56158"><ele>1690.7</ele></trkpt>
      <trkpt lat="48.75994" lon="-114.56126"><ele>1691.1</ele></trkpt>
      <trkpt lat="48.76" lon="-114.5612"><ele>1691</ele></trkpt>
      <trkpt lat="48.76005" lon="-114.56115"><ele>1691</ele></trkpt>
      <trkpt lat="48.7601" lon="-114.56113"><ele>1691</ele></trkpt>
      <trkpt lat="48.76017" lon="-114.56113"><ele>1691</ele></trkpt>
      <trkpt lat="48.76048" lon="-114.56122"><ele>1691.3</ele></trkpt>
      <trkpt lat="48.76056" lon="-114.56123"><ele>1691.2</ele></trkpt>
      <trkpt lat="48.76063" lon="-114.56123"><ele>1690.8</ele></trkpt>
      <trkpt lat="48.76109" lon="-114.56118"><ele>1687.6</ele></trkpt>
      <trkpt lat="48.76117" lon="-114.56118"><ele>1687.1</ele></trkpt>
      <trkpt lat="48.76125" lon="-114.5612"><ele>1686.5</ele></trkpt>
      <trkpt lat="48.76133" lon="-114.56124"><ele>1686</ele></trkpt>
      <trkpt lat="48.76141" lon="-114.5613"><ele>1685.7</ele></trkpt>
      <trkpt lat="48.76169" lon="-114.56157"><ele>1684.8</ele></trkpt>
      <trkpt lat="48.76197" lon="-114.56187"><ele>1680.9</ele></trkpt>
      <trkpt lat="48.76215" lon="-114.56211"><ele>1679.4</ele></trkpt>
      <trkpt lat="48.76222" lon="-114.56222"><ele>1678.9</ele></trkpt>
      <trkpt lat="48.7623" lon="-114.56235"><ele>1678.2</ele></trkpt>
      <trkpt lat="48.7624" lon="-114.5625"><ele>1676.8</ele></trkpt>
      <trkpt lat="48.76249" lon="-114.56262"><ele>1675.5</ele></trkpt>
      <trkpt lat="48.76265" lon="-114.56283"><ele>1674</ele></trkpt>
      <trkpt lat="48.763" lon="-114.56321"><ele>1668.1</ele></trkpt>
      <trkpt lat="48.76312" lon="-114.56332"><ele>1666.2</ele></trkpt>
      <trkpt lat="48.76323" lon="-114.56341"><ele>1664.6</ele></trkpt>
      <trkpt lat="48.76329" lon="-114.56345"><ele>1663.9</ele></trkpt>
      <trkpt lat="48.76335" lon="-114.56347"><ele>1663.1</ele></trkpt>
      <trkpt lat="48.76347" lon="-114.56347"><ele>1660.8</ele></trkpt>
      <trkpt lat="48.76418" lon="-114.56336"><ele>1654.9</ele></trkpt>
      <trkpt lat="48.76435" lon="-114.56331"><ele>1652.7</ele></trkpt>
      <trkpt lat="48.76442" lon="-114.56329"><ele>1651.7</ele></trkpt>
      <trkpt lat="48.76447" lon="-114.56329"><ele>1651.2</ele></trkpt>
      <trkpt lat="48.76454" lon="-114.5633"><ele>1650.5</ele></trkpt>
      <trkpt lat="48.76463" lon="-114.56333"><ele>1649.7</ele></trkpt>
      <trkpt lat="48.76468" lon="-114.56335"><ele>1649.3</ele></trkpt>
      <trkpt lat="48.76472" lon="-114.56336"><ele>1648.9</ele></trkpt>
      <trkpt lat="48.76478" lon="-114.56339"><ele>1648.4</ele></trkpt>
      <trkpt lat="48.765" lon="-114.56347"><ele>1646.2</ele></trkpt>
      <trkpt lat="48.76512" lon="-114.56352"><ele>1645.4</ele></trkpt>
      <trkpt lat="48.76518" lon="-114.56353"><ele>1644.9</ele></trkpt>
      <trkpt lat="48.76523" lon="-114.56353"><ele>1644.5</ele></trkpt>
      <trkpt lat="48.76529" lon="-114.56354"><ele>1644.3</ele></trkpt>
      <trkpt lat="48.76537" lon="-114.56353"><ele>1644</ele></trkpt>
      <trkpt lat="48.76542" lon="-114.56352"><ele>1643.7</ele></trkpt>
      <trkpt lat="48.76548" lon="-114.5635"><ele>1643.4</ele></trkpt>
      <trkpt lat="48.76553" lon="-114.56347"><ele>1643.1</ele></trkpt>
      <trkpt lat="48.76561" lon="-114.56341"><ele>1642.7</ele></trkpt>
      <trkpt lat="48.76592" lon="-114.56313"><ele>1639.6</ele></trkpt>
      <trkpt lat="48.76656" lon="-114.56263"><ele>1633.8</ele></trkpt>
      <trkpt lat="48.76658" lon="-114.56262"><ele>1633.7</ele></trkpt>
      <trkpt lat="48.76683" lon="-114.56238"><ele>1633.7</ele></trkpt>
      <trkpt lat="48.76701" lon="-114.56214"><ele>1634.4</ele></trkpt>
      <trkpt lat="48.76703" lon="-114.56211"><ele>1634.3</ele></trkpt>
      <trkpt lat="48.76705" lon="-114.56206"><ele>1634</ele></trkpt>
      <trkpt lat="48.76706" lon="-114.562"><ele>1633.4</ele></trkpt>
      <trkpt lat="48.76708" lon="-114.5619"><ele>1632.6</ele></trkpt>
      <trkpt lat="48.7671" lon="-114.56181"><ele>1631.9</ele></trkpt>
      <trkpt lat="48.76711" lon="-114.56175"><ele>1631.5</ele></trkpt>
      <trkpt lat="48.76711" lon="-114.56169"><ele>1630.9</ele></trkpt>
      <trkpt lat="48.76711" lon="-114.56156"><ele>1629.3</ele></trkpt>
      <trkpt lat="48.76709" lon="-114.56144"><ele>1627</ele></trkpt>
      <trkpt lat="48.76707" lon="-114.56133"><ele>1625.2</ele></trkpt>
      <trkpt lat="48.76705" lon="-114.56122"><ele>1623.9</ele></trkpt>
      <trkpt lat="48.76701" lon="-114.56113"><ele>1622.6</ele></trkpt>
      <trkpt lat="48.76696" lon="-114.56105"><ele>1621.8</ele></trkpt>
      <trkpt lat="48.76691" lon="-114.56098"><ele>1621.4</ele></trkpt>
      <trkpt lat="48.76686" lon="-114.56092"><ele>1620.9</ele></trkpt>
      <trkpt lat="48.7668" lon="-114.56087"><ele>1621.1</ele></trkpt>
      <trkpt lat="48.76674" lon="-114.56083"><ele>1621.2</ele></trkpt>
      <trkpt lat="48.76667" lon="-114.5608"><ele>1621.5</ele></trkpt>
      <trkpt lat="48.76659" lon="-114.56077"><ele>1621.9</ele></trkpt>
      <trkpt lat="48.76642" lon="-114.56073"><ele>1622.3</ele></trkpt>
      <trkpt lat="48.76633" lon="-114.56071"><ele>1622</ele></trkpt>
      <trkpt lat="48.76616" lon="-114.56071"><ele>1620.9</ele></trkpt>
      <trkpt lat="48.76602" lon="-114.56071"><ele>1618.6</ele></trkpt>
      <trkpt lat="48.76599" lon="-114.56071"><ele>1618.3</ele></trkpt>
      <trkpt lat="48.76596" lon="-114.56069"><ele>1617.4</ele></trkpt>
      <trkpt lat="48.76592" lon="-114.56065"><ele>1616</ele></trkpt>
      <trkpt lat="48.76588" lon="-114.56058"><ele>1614.1</ele></trkpt>
      <trkpt lat="48.76586" lon="-114.5605"><ele>1612.4</ele></trkpt>
      <trkpt lat="48.76587" lon="-114.5604"><ele>1611.1</ele></trkpt>
      <trkpt lat="48.76589" lon="-114.56031"><ele>1610.4</ele></trkpt>
      <trkpt lat="48.76591" lon="-114.56027"><ele>1610.2</ele></trkpt>
      <trkpt lat="48.76596" lon="-114.56022"><ele>1610.3</ele></trkpt>
      <trkpt lat="48.76597" lon="-114.56021"><ele>1610.4</ele></trkpt>
      <trkpt lat="48.76641" lon="-114.55999"><ele>1609.9</ele></trkpt>
      <trkpt lat="48.7665" lon="-114.55991"><ele>1610.7</ele></trkpt>
      <trkpt lat="48.76656" lon="-114.55977"><ele>1611.6</ele></trkpt>
      <trkpt lat="48.76658" lon="-114.55967"><ele>1611.9</ele></trkpt>
      <trkpt lat="48.76658" lon="-114.55956"><ele>1611.7</ele></trkpt>
      <trkpt lat="48.76658" lon="-114.55949"><ele>1611.6</ele></trkpt>
      <trkpt lat="48.76657" lon="-114.55941"><ele>1611.3</ele></trkpt>
      <trkpt lat="48.76656" lon="-114.55935"><ele>1611.2</ele></trkpt>
      <trkpt lat="48.76649" lon="-114.55915"><ele>1610</ele></trkpt>
      <trkpt lat="48.7664" lon="-114.55892"><ele>1607.7</ele></trkpt>
      <trkpt lat="48.76635" lon="-114.55875"><ele>1607</ele></trkpt>
      <trkpt lat="48.76634" lon="-114.5587"><ele>1606.9</ele></trkpt>
      <trkpt lat="48.76631" lon="-114.55849"><ele>1605.6</ele></trkpt>
      <trkpt lat="48.76636" lon="-114.5579"><ele>1601.9</ele></trkpt>
      <trkpt lat="48.76638" lon="-114.55749"><ele>1598.8</ele></trkpt>
      <trkpt lat="48.76636" lon="-114.55701"><ele>1595.1</ele></trkpt>
      <trkpt lat="48.76637" lon="-114.55685"><ele>1593.6</ele></trkpt>
      <trkpt lat="48.76638" lon="-114.55673"><ele>1591.7</ele></trkpt>
      <trkpt lat="48.76641" lon="-114.55664"><ele>1590.3</ele></trkpt>
      <trkpt lat="48.76651" lon="-114.5565"><ele>1588.8</ele></trkpt>
      <trkpt lat="48.76658" lon="-114.55641"><ele>1587.7</ele></trkpt>
      <trkpt lat="48.76683" lon="-114.5562"><ele>1583.6</ele></trkpt>
      <trkpt lat="48.76693" lon="-114.55609"><ele>1583.3</ele></trkpt>
      <trkpt lat="48.767" lon="-114.55598"><ele>1583.6</ele></trkpt>
      <trkpt lat="48.76708" lon="-114.55582"><ele>1583.8</ele></trkpt>
      <trkpt lat="48.76718" lon="-114.55561"><ele>1583.5</ele></trkpt>
      <trkpt lat="48.76738" lon="-114.55508"><ele>1582.1</ele></trkpt>
      <trkpt lat="48.76761" lon="-114.55434"><ele>1577.7</ele></trkpt>
      <trkpt lat="48.76781" lon="-114.55379"><ele>1572.6</ele></trkpt>
      <trkpt lat="48.76805" lon="-114.55307"><ele>1572</ele></trkpt>
      <trkpt lat="48.76808" lon="-114.553"><ele>1571.5</ele></trkpt>
      <trkpt lat="48.76825" lon="-114.55282"><ele>1570.8</ele></trkpt>
      <trkpt lat="48.76836" lon="-114.55277"><ele>1569.9</ele></trkpt>
      <trkpt lat="48.76846" lon="-114.55274"><ele>1568.6</ele></trkpt>
      <trkpt lat="48.7686" lon="-114.55271"><ele>1566.4</ele></trkpt>
      <trkpt lat="48.7691" lon="-114.55273"><ele>1557.7</ele></trkpt>
      <trkpt lat="48.77013" lon="-114.55296"><ele>1546.2</ele></trkpt>
      <trkpt lat="48.77038" lon="-114.553"><ele>1545.9</ele></trkpt>
      <trkpt lat="48.77064" lon="-114.55298"><ele>1545.6</ele></trkpt>
      <trkpt lat="48.77087" lon="-114.55285"><ele>1543.7</ele></trkpt>
      <trkpt lat="48.77108" lon="-114.55269"><ele>1542.6</ele></trkpt>
      <trkpt lat="48.7713" lon="-114.55241"><ele>1540.4</ele></trkpt>
      <trkpt lat="48.77141" lon="-114.55222"><ele>1539.2</ele></trkpt>
      <trkpt lat="48.77156" lon="-114.55191"><ele>1537.4</ele></trkpt>
      <trkpt lat="48.7719" lon="-114.55093"><ele>1531</ele></trkpt>
      <trkpt lat="48.77233" lon="-114.55004"><ele>1524.8</ele></trkpt>
      <trkpt lat="48.77245" lon="-114.54971"><ele>1522.5</ele></trkpt>
      <trkpt lat="48.77256" lon="-114.54935"><ele>1520.7</ele></trkpt>
      <trkpt lat="48.77276" lon="-114.54862"><ele>1517.2</ele></trkpt>
      <trkpt lat="48.77288" lon="-114.54824"><ele>1514.5</ele></trkpt>
      <trkpt lat="48.77364" lon="-114.54655"><ele>1503.8</ele></trkpt>
      <trkpt lat="48.77379" lon="-114.54622"><ele>1501</ele></trkpt>
      <trkpt lat="48.77414" lon="-114.54555"><ele>1500.3</ele></trkpt>
      <trkpt lat="48.77417" lon="-114.54546"><ele>1500.7</ele></trkpt>
      <trkpt lat="48.77418" lon="-114.54543"><ele>1500.8</ele></trkpt>
      <trkpt lat="48.77435" lon="-114.545"><ele>1501.8</ele></trkpt>
      <trkpt lat="48.77448" lon="-114.54471"><ele>1501</ele></trkpt>
      <trkpt lat="48.77456" lon="-114.54448"><ele>1500.1</ele></trkpt>
      <trkpt lat="48.77475" lon="-114.54387"><ele>1493</ele></trkpt>
      <trkpt lat="48.77482" lon="-114.54366"><ele>1491.5</ele></trkpt>
      <trkpt lat="48.77501" lon="-114.54317"><ele>1490.2</ele></trkpt>
      <trkpt lat="48.7756" lon="-114.54158"><ele>1482.2</ele></trkpt>
      <trkpt lat="48.77562" lon="-114.54147"><ele>1480.9</ele></trkpt>
      <trkpt lat="48.77566" lon="-114.54137"><ele>1480.5</ele></trkpt>
      <trkpt lat="48.77584" lon="-114.5407"><ele>1476.8</ele></trkpt>
      <trkpt lat="48.77585" lon="-114.54059"><ele>1476.1</ele></trkpt>
      <trkpt lat="48.7759" lon="-114.54038"><ele>1475.1</ele></trkpt>
      <trkpt lat="48.77592" lon="-114.54024"><ele>1474.4</ele></trkpt>
      <trkpt lat="48.77595" lon="-114.54"><ele>1473.4</ele></trkpt>
      <trkpt lat="48.77596" lon="-114.53977"><ele>1472.7</ele></trkpt>
      <trkpt lat="48.77596" lon="-114.53956"><ele>1471.8</ele></trkpt>
      <trkpt lat="48.77596" lon="-114.53936"><ele>1470.9</ele></trkpt>
      <trkpt lat="48.77594" lon="-114.53916"><ele>1469.6</ele></trkpt>
      <trkpt lat="48.77591" lon="-114.53895"><ele>1468.4</ele></trkpt>
      <trkpt lat="48.77585" lon="-114.53866"><ele>1466.8</ele></trkpt>
      <trkpt lat="48.77578" lon="-114.53839"><ele>1465.3</ele></trkpt>
      <trkpt lat="48.77558" lon="-114.53775"><ele>1461.9</ele></trkpt>
      <trkpt lat="48.77549" lon="-114.53733"><ele>1459.8</ele></trkpt>
      <trkpt lat="48.77541" lon="-114.53697"><ele>1458</ele></trkpt>
      <trkpt lat="48.77537" lon="-114.53673"><ele>1456.9</ele></trkpt>
      <trkpt lat="48.77531" lon="-114.53653"><ele>1455.8</ele></trkpt>
      <trkpt lat="48.77522" lon="-114.5361"><ele>1454.1</ele></trkpt>
      <trkpt lat="48.77518" lon="-114.53592"><ele>1453.2</ele></trkpt>
      <trkpt lat="48.775" lon="-114.53541"><ele>1451</ele></trkpt>
      <trkpt lat="48.77496" lon="-114.53527"><ele>1450.7</ele></trkpt>
      <trkpt lat="48.7749" lon="-114.53509"><ele>1450.3</ele></trkpt>
      <trkpt lat="48.77479" lon="-114.53482"><ele>1450.2</ele></trkpt>
      <trkpt lat="48.77474" lon="-114.53465"><ele>1450.5</ele></trkpt>
      <trkpt lat="48.77473" lon="-114.53454"><ele>1451.1</ele></trkpt>
      <trkpt lat="48.77472" lon="-114.53448"><ele>1451.5</ele></trkpt>
      <trkpt lat="48.7747" lon="-114.53421"><ele>1453.5</ele></trkpt>
      <trkpt lat="48.77469" lon="-114.53391"><ele>1454.5</ele></trkpt>
      <trkpt lat="48.7747" lon="-114.53353"><ele>1454.2</ele></trkpt>
      <trkpt lat="48.77472" lon="-114.53333"><ele>1453.3</ele></trkpt>
      <trkpt lat="48.77475" lon="-114.53309"><ele>1453.4</ele></trkpt>
      <trkpt lat="48.77476" lon="-114.53303"><ele>1453.7</ele></trkpt>
      <trkpt lat="48.77478" lon="-114.53293"><ele>1454.1</ele></trkpt>
      <trkpt lat="48.77488" lon="-114.5326"><ele>1454.8</ele></trkpt>
      <trkpt lat="48.77492" lon="-114.53249"><ele>1454.8</ele></trkpt>
      <trkpt lat="48.77512" lon="-114.53205"><ele>1454.7</ele></trkpt>
      <trkpt lat="48.7752" lon="-114.53183"><ele>1454.9</ele></trkpt>
      <trkpt lat="48.77529" lon="-114.53164"><ele>1454.7</ele></trkpt>
      <trkpt lat="48.77537" lon="-114.53143"><ele>1454.6</ele></trkpt>
      <trkpt lat="48.77543" lon="-114.53122"><ele>1454.6</ele></trkpt>
      <trkpt lat="48.77547" lon="-114.53098"><ele>1455.1</ele></trkpt>
      <trkpt lat="48.77555" lon="-114.53068"><ele>1455</ele></trkpt>
      <trkpt lat="48.77565" lon="-114.53039"><ele>1454.8</ele></trkpt>
      <trkpt lat="48.77577" lon="-114.53012"><ele>1455</ele></trkpt>
      <trkpt lat="48.7758" lon="-114.53002"><ele>1455.4</ele></trkpt>
      <trkpt lat="48.77585" lon="-114.52996"><ele>1455</ele></trkpt>
      <trkpt lat="48.77601" lon="-114.52963"><ele>1454.4</ele></trkpt>
      <trkpt lat="48.77609" lon="-114.52946"><ele>1454.1</ele></trkpt>
      <trkpt lat="48.77613" lon="-114.52937"><ele>1453.7</ele></trkpt>
      <trkpt lat="48.77618" lon="-114.5293"><ele>1452.6</ele></trkpt>
      <trkpt lat="48.77637" lon="-114.52895"><ele>1450</ele></trkpt>
      <trkpt lat="48.77641" lon="-114.52886"><ele>1450.1</ele></trkpt>
      <trkpt lat="48.77647" lon="-114.52878"><ele>1449.8</ele></trkpt>
      <trkpt lat="48.77658" lon="-114.52862"><ele>1449.5</ele></trkpt>
      <trkpt lat="48.77663" lon="-114.52853"><ele>1449.5</ele></trkpt>
      <trkpt lat="48.77669" lon="-114.52846"><ele>1449.2</ele></trkpt>
      <trkpt lat="48.77697" lon="-114.52803"><ele>1449</ele></trkpt>
      <trkpt lat="48.77703" lon="-114.52795"><ele>1448.9</ele></trkpt>
      <trkpt lat="48.77739" lon="-114.52754"><ele>1447.9</ele></trkpt>
      <trkpt lat="48.7774" lon="-114.52753"><ele>1447.8</ele></trkpt>
      <trkpt lat="48.77746" lon="-114.52744"><ele>1447.9</ele></trkpt>
      <trkpt lat="48.77751" lon="-114.52735"><ele>1448</ele></trkpt>
      <trkpt lat="48.77783" lon="-114.52691"><ele>1447.9</ele></trkpt>
      <trkpt lat="48.77802" lon="-114.52661"><ele>1447.8</ele></trkpt>
      <trkpt lat="48.7781" lon="-114.52654"><ele>1447.1</ele></trkpt>
      <trkpt lat="48.77816" lon="-114.52644"><ele>1447</ele></trkpt>
      <trkpt lat="48.77824" lon="-114.52636"><ele>1446.3</ele></trkpt>
      <trkpt lat="48.77839" lon="-114.52622"><ele>1445</ele></trkpt>
      <trkpt lat="48.77853" lon="-114.52608"><ele>1443.8</ele></trkpt>
      <trkpt lat="48.7786" lon="-114.52599"><ele>1443.5</ele></trkpt>
      <trkpt lat="48.77876" lon="-114.52583"><ele>1442.6</ele></trkpt>
      <trkpt lat="48.779" lon="-114.52554"><ele>1442</ele></trkpt>
      <trkpt lat="48.77908" lon="-114.52543"><ele>1441.9</ele></trkpt>
      <trkpt lat="48.77923" lon="-114.52524"><ele>1441.5</ele></trkpt>
      <trkpt lat="48.77934" lon="-114.52506"><ele>1441.4</ele></trkpt>
      <trkpt lat="48.77945" lon="-114.52487"><ele>1441.2</ele></trkpt>
      <trkpt lat="48.77965" lon="-114.52447"><ele>1436.9</ele></trkpt>
      <trkpt lat="48.77976" lon="-114.52428"><ele>1436.1</ele></trkpt>
      <trkpt lat="48.77988" lon="-114.52408"><ele>1436</ele></trkpt>
      <trkpt lat="48.78006" lon="-114.52377"><ele>1436.2</ele></trkpt>
      <trkpt lat="48.78012" lon="-114.52366"><ele>1436.2</ele></trkpt>
      <trkpt lat="48.78024" lon="-114.52347"><ele>1436</ele></trkpt>
      <trkpt lat="48.78041" lon="-114.52316"><ele>1436</ele></trkpt>
      <trkpt lat="48.78058" lon="-114.52283"><ele>1436.2</ele></trkpt>
      <trkpt lat="48.78071" lon="-114.52264"><ele>1436.3</ele></trkpt>
      <trkpt lat="48.78083" lon="-114.52248"><ele>1436.3</ele></trkpt>
      <trkpt lat="48.78108" lon="-114.52222"><ele>1435.3</ele></trkpt>
      <trkpt lat="48.78135" lon="-114.5219"><ele>1434.4</ele></trkpt>
      <trkpt lat="48.78155" lon="-114.52166"><ele>1433.5</ele></trkpt>
      <trkpt lat="48.78162" lon="-114.52156"><ele>1433.5</ele></trkpt>
      <trkpt lat="48.78169" lon="-114.52147"><ele>1433.4</ele></trkpt>
      <trkpt lat="48.78187" lon="-114.52116"><ele>1433.2</ele></trkpt>
      <trkpt lat="48.78199" lon="-114.52092"><ele>1433</ele></trkpt>
      <trkpt lat="48.7821" lon="-114.52066"><ele>1432.7</ele></trkpt>
      <trkpt lat="48.78217" lon="-114.52047"><ele>1432.5</ele></trkpt>
      <trkpt lat="48.78229" lon="-114.52009"><ele>1432.1</ele></trkpt>
      <trkpt lat="48.7824" lon="-114.51972"><ele>1431.5</ele></trkpt>
      <trkpt lat="48.78254" lon="-114.51911"><ele>1431.1</ele></trkpt>
      <trkpt lat="48.78257" lon="-114.51888"><ele>1431.2</ele></trkpt>
      <trkpt lat="48.78258" lon="-114.51883"><ele>1431.1</ele></trkpt>
      <trkpt lat="48.78258" lon="-114.51876"><ele>1431.3</ele></trkpt>
      <trkpt lat="48.78259" lon="-114.51863"><ele>1431.5</ele></trkpt>
      <trkpt lat="48.78258" lon="-114.51825"><ele>1433.1</ele></trkpt>
      <trkpt lat="48.78259" lon="-114.51801"><ele>1433</ele></trkpt>
      <trkpt lat="48.78262" lon="-114.51765"><ele>1432.9</ele></trkpt>
      <trkpt lat="48.78264" lon="-114.51754"><ele>1432.8</ele></trkpt>
      <trkpt lat="48.78266" lon="-114.51743"><ele>1432.8</ele></trkpt>
      <trkpt lat="48.78269" lon="-114.51731"><ele>1432.9</ele></trkpt>
      <trkpt lat="48.78274" lon="-114.5172"><ele>1432.3</ele></trkpt>
      <trkpt lat="48.78279" lon="-114.51709"><ele>1431.8</ele></trkpt>
      <trkpt lat="48.7829" lon="-114.51689"><ele>1430.6</ele></trkpt>
      <trkpt lat="48.78306" lon="-114.5166"><ele>1430.3</ele></trkpt>
      <trkpt lat="48.78315" lon="-114.5164"><ele>1430.9</ele></trkpt>
      <trkpt lat="48.78323" lon="-114.51619"><ele>1431.1</ele></trkpt>
      <trkpt lat="48.78331" lon="-114.51598"><ele>1430.4</ele></trkpt>
      <trkpt lat="48.78337" lon="-114.51573"><ele>1429.9</ele></trkpt>
      <trkpt lat="48.78346" lon="-114.51534"><ele>1429.2</ele></trkpt>
      <trkpt lat="48.78349" lon="-114.51521"><ele>1429.5</ele></trkpt>
      <trkpt lat="48.78353" lon="-114.51509"><ele>1429.8</ele></trkpt>
      <trkpt lat="48.78363" lon="-114.51486"><ele>1431.3</ele></trkpt>
      <trkpt lat="48.7838" lon="-114.51454"><ele>1432.3</ele></trkpt>
      <trkpt lat="48.78397" lon="-114.51424"><ele>1432</ele></trkpt>
      <trkpt lat="48.78418" lon="-114.51384"><ele>1431.7</ele></trkpt>
      <trkpt lat="48.78423" lon="-114.51374"><ele>1431.6</ele></trkpt>
      <trkpt lat="48.7843" lon="-114.51365"><ele>1430.9</ele></trkpt>
      <trkpt lat="48.78435" lon="-114.51355"><ele>1430.9</ele></trkpt>
      <trkpt lat="48.78442" lon="-114.51346"><ele>1430.5</ele></trkpt>
      <trkpt lat="48.78449" lon="-114.51338"><ele>1430</ele></trkpt>
      <trkpt lat="48.78456" lon="-114.51328"><ele>1430</ele></trkpt>
      <trkpt lat="48.78463" lon="-114.51319"><ele>1430</ele></trkpt>
      <trkpt lat="48.78475" lon="-114.51296"><ele>1430.9</ele></trkpt>
      <trkpt lat="48.78481" lon="-114.51285"><ele>1431.2</ele></trkpt>
      <trkpt lat="48.78486" lon="-114.51273"><ele>1431.5</ele></trkpt>
      <trkpt lat="48.78491" lon="-114.51261"><ele>1431.8</ele></trkpt>
      <trkpt lat="48.78497" lon="-114.5125"><ele>1431.6</ele></trkpt>
      <trkpt lat="48.78508" lon="-114.51227"><ele>1430.4</ele></trkpt>
      <trkpt lat="48.78518" lon="-114.51204"><ele>1425.8</ele></trkpt>
      <trkpt lat="48.78536" lon="-114.51171"><ele>1418.7</ele></trkpt>
      <trkpt lat="48.7854" lon="-114.51164"><ele>1418.8</ele></trkpt>
      <trkpt lat="48.78556" lon="-114.51138"><ele>1419.6</ele></trkpt>
      <trkpt lat="48.78575" lon="-114.51098"><ele>1420.6</ele></trkpt>
      <trkpt lat="48.78607" lon="-114.51026"><ele>1420.6</ele></trkpt>
      <trkpt lat="48.78614" lon="-114.5101"><ele>1420.4</ele></trkpt>
      <trkpt lat="48.78621" lon="-114.50993"><ele>1420.1</ele></trkpt>
      <trkpt lat="48.78641" lon="-114.50949"><ele>1418.9</ele></trkpt>
      <trkpt lat="48.78654" lon="-114.50916"><ele>1418.1</ele></trkpt>
      <trkpt lat="48.7867" lon="-114.50869"><ele>1416.4</ele></trkpt>
      <trkpt lat="48.78683" lon="-114.50826"><ele>1414.8</ele></trkpt>
      <trkpt lat="48.78687" lon="-114.50812"><ele>1413.9</ele></trkpt>
      <trkpt lat="48.78692" lon="-114.508"><ele>1413.8</ele></trkpt>
      <trkpt lat="48.78697" lon="-114.50788"><ele>1413.8</ele></trkpt>
      <trkpt lat="48.78703" lon="-114.50777"><ele>1413.7</ele></trkpt>
      <trkpt lat="48.78724" lon="-114.50742"><ele>1412.8</ele></trkpt>
      <trkpt lat="48.78737" lon="-114.50716"><ele>1411.7</ele></trkpt>
      <trkpt lat="48.78744" lon="-114.50702"><ele>1411.1</ele></trkpt>
      <trkpt lat="48.7875" lon="-114.50688"><ele>1410.5</ele></trkpt>
      <trkpt lat="48.78755" lon="-114.50674"><ele>1410.2</ele></trkpt>
      <trkpt lat="48.78759" lon="-114.50659"><ele>1410</ele></trkpt>
      <trkpt lat="48.78767" lon="-114.50631"><ele>1409.8</ele></trkpt>
      <trkpt lat="48.78775" lon="-114.50607"><ele>1409.4</ele></trkpt>
      <trkpt lat="48.78796" lon="-114.50554"><ele>1408.4</ele></trkpt>
      <trkpt lat="48.78804" lon="-114.50532"><ele>1408.1</ele></trkpt>
      <trkpt lat="48.78811" lon="-114.50509"><ele>1408.1</ele></trkpt>
      <trkpt lat="48.78817" lon="-114.50485"><ele>1408.1</ele></trkpt>
      <trkpt lat="48.7883" lon="-114.50419"><ele>1407.8</ele></trkpt>
      <trkpt lat="48.78841" lon="-114.50364"><ele>1406.3</ele></trkpt>
      <trkpt lat="48.78844" lon="-114.50349"><ele>1405.9</ele></trkpt>
      <trkpt lat="48.78848" lon="-114.50335"><ele>1405.4</ele></trkpt>
      <trkpt lat="48.78853" lon="-114.50322"><ele>1404.9</ele></trkpt>
      <trkpt lat="48.78858" lon="-114.50309"><ele>1404.7</ele></trkpt>
      <trkpt lat="48.78871" lon="-114.50284"><ele>1403.2</ele></trkpt>
      <trkpt lat="48.78884" lon="-114.50261"><ele>1400.9</ele></trkpt>
      <trkpt lat="48.78889" lon="-114.50251"><ele>1400.2</ele></trkpt>
      <trkpt lat="48.789" lon="-114.50227"><ele>1399.1</ele></trkpt>
      <trkpt lat="48.78905" lon="-114.50216"><ele>1398.7</ele></trkpt>
      <trkpt lat="48.7891" lon="-114.50202"><ele>1398.4</ele></trkpt>
      <trkpt lat="48.78926" lon="-114.50152"><ele>1398.2</ele></trkpt>
      <trkpt lat="48.78937" lon="-114.50116"><ele>1398.2</ele></trkpt>
      <trkpt lat="48.78946" lon="-114.50093"><ele>1397.6</ele></trkpt>
      <trkpt lat="48.78963" lon="-114.50047"><ele>1396.9</ele></trkpt>
      <trkpt lat="48.78981" lon="-114.50004"><ele>1395.4</ele></trkpt>
      <trkpt lat="48.78988" lon="-114.49982"><ele>1395</ele></trkpt>
      <trkpt lat="48.78994" lon="-114.4996"><ele>1394.8</ele></trkpt>
      <trkpt lat="48.79012" lon="-114.49892"><ele>1395.1</ele></trkpt>
      <trkpt lat="48.79018" lon="-114.49865"><ele>1395.1</ele></trkpt>
      <trkpt lat="48.79027" lon="-114.4981"><ele>1395.7</ele></trkpt>
      <trkpt lat="48.79029" lon="-114.49797"><ele>1396</ele></trkpt>
      <trkpt lat="48.7903" lon="-114.49788"><ele>1396.2</ele></trkpt>
      <trkpt lat="48.7903" lon="-114.49783"><ele>1396.4</ele></trkpt>
      <trkpt lat="48.79031" lon="-114.4977"><ele>1396.7</ele></trkpt>
      <trkpt lat="48.79031" lon="-114.49757"><ele>1397.2</ele></trkpt>
      <trkpt lat="48.7903" lon="-114.49744"><ele>1397.7</ele></trkpt>
      <trkpt lat="48.79026" lon="-114.49692"><ele>1400</ele></trkpt>
      <trkpt lat="48.79026" lon="-114.49679"><ele>1400.5</ele></trkpt>
      <trkpt lat="48.79027" lon="-114.49654"><ele>1401.7</ele></trkpt>
      <trkpt lat="48.7903" lon="-114.49626"><ele>1404.1</ele></trkpt>
      <trkpt lat="48.79046" lon="-114.49562"><ele>1406.2</ele></trkpt>
      <trkpt lat="48.79063" lon="-114.49525"><ele>1405.5</ele></trkpt>
      <trkpt lat="48.79097" lon="-114.49481"><ele>1400.6</ele></trkpt>
      <trkpt lat="48.79135" lon="-114.49445"><ele>1396.4</ele></trkpt>
      <trkpt lat="48.79157" lon="-114.49431"><ele>1394.2</ele></trkpt>
      <trkpt lat="48.79176" lon="-114.49404"><ele>1393.2</ele></trkpt>
      <trkpt lat="48.792" lon="-114.49367"><ele>1392.6</ele></trkpt>
      <trkpt lat="48.79246" lon="-114.49314"><ele>1391.8</ele></trkpt>
      <trkpt lat="48.793" lon="-114.49245"><ele>1391.9</ele></trkpt>
      <trkpt lat="48.7934" lon="-114.49176"><ele>1391.7</ele></trkpt>
      <trkpt lat="48.79356" lon="-114.49152"><ele>1388.4</ele></trkpt>
      <trkpt lat="48.79358" lon="-114.49145"><ele>1387.1</ele></trkpt>
      <trkpt lat="48.79375" lon="-114.49112"><ele>1386.6</ele></trkpt>
      <trkpt lat="48.79386" lon="-114.49086"><ele>1386.9</ele></trkpt>
      <trkpt lat="48.79407" lon="-114.49032"><ele>1386.1</ele></trkpt>
      <trkpt lat="48.7942" lon="-114.4899"><ele>1385</ele></trkpt>
      <trkpt lat="48.79428" lon="-114.48964"><ele>1383.9</ele></trkpt>
      <trkpt lat="48.79435" lon="-114.48924"><ele>1382.8</ele></trkpt>
      <trkpt lat="48.79438" lon="-114.48896"><ele>1382.4</ele></trkpt>
      <trkpt lat="48.79441" lon="-114.48842"><ele>1381.9</ele></trkpt>
      <trkpt lat="48.79445" lon="-114.48801"><ele>1381</ele></trkpt>
      <trkpt lat="48.79452" lon="-114.48775"><ele>1379.3</ele></trkpt>
      <trkpt lat="48.79457" lon="-114.48763"><ele>1378.2</ele></trkpt>
      <trkpt lat="48.79462" lon="-114.48751"><ele>1377.4</ele></trkpt>
      <trkpt lat="48.79469" lon="-114.48741"><ele>1376.7</ele></trkpt>
      <trkpt lat="48.79475" lon="-114.48731"><ele>1376.4</ele></trkpt>
      <trkpt lat="48.7949" lon="-114.48714"><ele>1375.1</ele></trkpt>
      <trkpt lat="48.79497" lon="-114.48705"><ele>1374.7</ele></trkpt>
      <trkpt lat="48.79509" lon="-114.48685"><ele>1374.3</ele></trkpt>
      <trkpt lat="48.79514" lon="-114.48675"><ele>1373.9</ele></trkpt>
      <trkpt lat="48.79518" lon="-114.48664"><ele>1373.8</ele></trkpt>
      <trkpt lat="48.79522" lon="-114.48652"><ele>1373.7</ele></trkpt>
      <trkpt lat="48.79524" lon="-114.4864"><ele>1373.7</ele></trkpt>
      <trkpt lat="48.79526" lon="-114.48626"><ele>1373.7</ele></trkpt>
      <trkpt lat="48.79526" lon="-114.48613"><ele>1374</ele></trkpt>
      <trkpt lat="48.79525" lon="-114.48572"><ele>1375.2</ele></trkpt>
      <trkpt lat="48.79526" lon="-114.48531"><ele>1376.7</ele></trkpt>
      <trkpt lat="48.79527" lon="-114.48502"><ele>1379.1</ele></trkpt>
      <trkpt lat="48.79529" lon="-114.48473"><ele>1380.2</ele></trkpt>
      <trkpt lat="48.79533" lon="-114.48445"><ele>1380.8</ele></trkpt>
      <trkpt lat="48.79542" lon="-114.48404"><ele>1380.4</ele></trkpt>
      <trkpt lat="48.79544" lon="-114.4839"><ele>1380.7</ele></trkpt>
      <trkpt lat="48.7957" lon="-114.4823"><ele>1381.9</ele></trkpt>
      <trkpt lat="48.79576" lon="-114.48189"><ele>1381.2</ele></trkpt>
      <trkpt lat="48.7958" lon="-114.48156"><ele>1380.4</ele></trkpt>
      <trkpt lat="48.79583" lon="-114.48124"><ele>1381.9</ele></trkpt>
      <trkpt lat="48.79591" lon="-114.48071"><ele>1383.5</ele></trkpt>
      <trkpt lat="48.79608" lon="-114.47961"><ele>1383.3</ele></trkpt>
      <trkpt lat="48.79611" lon="-114.47934"><ele>1383.1</ele></trkpt>
      <trkpt lat="48.79615" lon="-114.47895"><ele>1382.8</ele></trkpt>
      <trkpt lat="48.79619" lon="-114.47869"><ele>1382.6</ele></trkpt>
      <trkpt lat="48.79623" lon="-114.47843"><ele>1382.5</ele></trkpt>
      <trkpt lat="48.79632" lon="-114.47805"><ele>1381.9</ele></trkpt>
      <trkpt lat="48.79638" lon="-114.47781"><ele>1381.6</ele></trkpt>
      <trkpt lat="48.79641" lon="-114.47769"><ele>1381.4</ele></trkpt>
      <trkpt lat="48.79644" lon="-114.47743"><ele>1381.8</ele></trkpt>
      <trkpt lat="48.79656" lon="-114.47676"><ele>1381.8</ele></trkpt>
      <trkpt lat="48.79671" lon="-114.47612"><ele>1379.2</ele></trkpt>
      <trkpt lat="48.79681" lon="-114.47574"><ele>1375.2</ele></trkpt>
      <trkpt lat="48.79703" lon="-114.475"><ele>1374.4</ele></trkpt>
      <trkpt lat="48.79713" lon="-114.47459"><ele>1374.8</ele></trkpt>
      <trkpt lat="48.79726" lon="-114.47399"><ele>1375.2</ele></trkpt>
      <trkpt lat="48.79732" lon="-114.47369"><ele>1375.3</ele></trkpt>
      <trkpt lat="48.79738" lon="-114.4734"><ele>1375.3</ele></trkpt>
      <trkpt lat="48.79747" lon="-114.47299"><ele>1375</ele></trkpt>
      <trkpt lat="48.79758" lon="-114.47254"><ele>1374.4</ele></trkpt>
      <trkpt lat="48.7976" lon="-114.47241"><ele>1374.7</ele></trkpt>
      <trkpt lat="48.79762" lon="-114.47227"><ele>1375.7</ele></trkpt>
      <trkpt lat="48.79762" lon="-114.472"><ele>1378.5</ele></trkpt>
      <trkpt lat="48.79764" lon="-114.47175"><ele>1378.7</ele></trkpt>
      <trkpt lat="48.79766" lon="-114.4715"><ele>1379.5</ele></trkpt>
      <trkpt lat="48.7977" lon="-114.47115"><ele>1380.2</ele></trkpt>
      <trkpt lat="48.79777" lon="-114.4708"><ele>1380.4</ele></trkpt>
      <trkpt lat="48.79785" lon="-114.47044"><ele>1380.3</ele></trkpt>
      <trkpt lat="48.79801" lon="-114.46979"><ele>1376.7</ele></trkpt>
      <trkpt lat="48.79814" lon="-114.46922"><ele>1374.2</ele></trkpt>
      <trkpt lat="48.79827" lon="-114.46863"><ele>1372.8</ele></trkpt>
      <trkpt lat="48.79843" lon="-114.46803"><ele>1370.6</ele></trkpt>
      <trkpt lat="48.79856" lon="-114.46757"><ele>1370</ele></trkpt>
      <trkpt lat="48.79875" lon="-114.46699"><ele>1369</ele></trkpt>
      <trkpt lat="48.79883" lon="-114.4667"><ele>1368.4</ele></trkpt>
      <trkpt lat="48.79886" lon="-114.46655"><ele>1368.5</ele></trkpt>
      <trkpt lat="48.79889" lon="-114.46642"><ele>1368.8</ele></trkpt>
      <trkpt lat="48.79895" lon="-114.46614"><ele>1369.4</ele></trkpt>
      <trkpt lat="48.79898" lon="-114.46585"><ele>1369.4</ele></trkpt>
      <trkpt lat="48.79898" lon="-114.46571"><ele>1369.5</ele></trkpt>
      <trkpt lat="48.79898" lon="-114.46558"><ele>1369.5</ele></trkpt>
      <trkpt lat="48.79894" lon="-114.46505"><ele>1369.8</ele></trkpt>
      <trkpt lat="48.79891" lon="-114.46477"><ele>1370.2</ele></trkpt>
      <trkpt lat="48.79891" lon="-114.4645"><ele>1370.5</ele></trkpt>
      <trkpt lat="48.79892" lon="-114.46437"><ele>1370.7</ele></trkpt>
      <trkpt lat="48.79893" lon="-114.46423"><ele>1370.9</ele></trkpt>
      <trkpt lat="48.79895" lon="-114.4641"><ele>1371</ele></trkpt>
      <trkpt lat="48.799" lon="-114.46385"><ele>1371.2</ele></trkpt>
      <trkpt lat="48.79906" lon="-114.46361"><ele>1371.3</ele></trkpt>
      <trkpt lat="48.79918" lon="-114.46326"><ele>1370.7</ele></trkpt>
      <trkpt lat="48.79926" lon="-114.46302"><ele>1370.3</ele></trkpt>
      <trkpt lat="48.7993" lon="-114.4629"><ele>1369.9</ele></trkpt>
      <trkpt lat="48.79933" lon="-114.46276"><ele>1369.6</ele></trkpt>
      <trkpt lat="48.79941" lon="-114.46251"><ele>1368</ele></trkpt>
      <trkpt lat="48.79944" lon="-114.46239"><ele>1366.9</ele></trkpt>
      <trkpt lat="48.79947" lon="-114.46227"><ele>1366</ele></trkpt>
      <trkpt lat="48.79963" lon="-114.4616"><ele>1364.7</ele></trkpt>
      <trkpt lat="48.7997" lon="-114.46133"><ele>1364.4</ele></trkpt>
      <trkpt lat="48.79973" lon="-114.4612"><ele>1364.2</ele></trkpt>
      <trkpt lat="48.79975" lon="-114.46106"><ele>1364.1</ele></trkpt>
      <trkpt lat="48.79985" lon="-114.46068"><ele>1363.5</ele></trkpt>
      <trkpt lat="48.79987" lon="-114.46054"><ele>1363.5</ele></trkpt>
      <trkpt lat="48.79995" lon="-114.46029"><ele>1363</ele></trkpt>
      <trkpt lat="48.79999" lon="-114.46017"><ele>1362.7</ele></trkpt>
      <trkpt lat="48.80009" lon="-114.45979"><ele>1362.1</ele></trkpt>
      <trkpt lat="48.80017" lon="-114.45955"><ele>1361.5</ele></trkpt>
      <trkpt lat="48.80027" lon="-114.45917"><ele>1360.4</ele></trkpt>
      <trkpt lat="48.8003" lon="-114.45904"><ele>1360.1</ele></trkpt>
      <trkpt lat="48.80033" lon="-114.45876"><ele>1359.7</ele></trkpt>
      <trkpt lat="48.80033" lon="-114.45822"><ele>1359.1</ele></trkpt>
      <trkpt lat="48.80031" lon="-114.45795"><ele>1358.6</ele></trkpt>
      <trkpt lat="48.80029" lon="-114.4578"><ele>1358.3</ele></trkpt>
      <trkpt lat="48.80026" lon="-114.45753"><ele>1357.8</ele></trkpt>
      <trkpt lat="48.80026" lon="-114.4575"><ele>1357.7</ele></trkpt>
      <trkpt lat="48.80026" lon="-114.45726"><ele>1358</ele></trkpt>
      <trkpt lat="48.80025" lon="-114.45713"><ele>1358.5</ele></trkpt>
      <trkpt lat="48.80027" lon="-114.45687"><ele>1358.4</ele></trkpt>
      <trkpt lat="48.80027" lon="-114.45674"><ele>1358.4</ele></trkpt>
      <trkpt lat="48.8003" lon="-114.45635"><ele>1358</ele></trkpt>
      <trkpt lat="48.80035" lon="-114.45597"><ele>1357.6</ele></trkpt>
      <trkpt lat="48.80038" lon="-114.45571"><ele>1357.5</ele></trkpt>
      <trkpt lat="48.8004" lon="-114.45559"><ele>1357.3</ele></trkpt>
      <trkpt lat="48.80042" lon="-114.45546"><ele>1356.9</ele></trkpt>
      <trkpt lat="48.80042" lon="-114.45532"><ele>1356.7</ele></trkpt>
      <trkpt lat="48.80043" lon="-114.45519"><ele>1356.3</ele></trkpt>
      <trkpt lat="48.80043" lon="-114.45436"><ele>1355.6</ele></trkpt>
      <trkpt lat="48.80044" lon="-114.45409"><ele>1355.7</ele></trkpt>
      <trkpt lat="48.80047" lon="-114.45384"><ele>1355.6</ele></trkpt>
      <trkpt lat="48.80055" lon="-114.45334"><ele>1354.9</ele></trkpt>
      <trkpt lat="48.80059" lon="-114.4531"><ele>1354.3</ele></trkpt>
      <trkpt lat="48.80062" lon="-114.45286"><ele>1352.3</ele></trkpt>
      <trkpt lat="48.80063" lon="-114.4526"><ele>1351.4</ele></trkpt>
      <trkpt lat="48.80064" lon="-114.45248"><ele>1351.3</ele></trkpt>
      <trkpt lat="48.80067" lon="-114.45236"><ele>1351.1</ele></trkpt>
      <trkpt lat="48.80079" lon="-114.45189"><ele>1350</ele></trkpt>
      <trkpt lat="48.80082" lon="-114.45177"><ele>1349.6</ele></trkpt>
      <trkpt lat="48.80086" lon="-114.45151"><ele>1349.3</ele></trkpt>
      <trkpt lat="48.80088" lon="-114.45124"><ele>1349.1</ele></trkpt>
      <trkpt lat="48.8009" lon="-114.45096"><ele>1348.7</ele></trkpt>
      <trkpt lat="48.80091" lon="-114.45081"><ele>1348.3</ele></trkpt>
      <trkpt lat="48.80091" lon="-114.45067"><ele>1347.9</ele></trkpt>
      <trkpt lat="48.8009" lon="-114.45052"><ele>1347.5</ele></trkpt>
      <trkpt lat="48.80086" lon="-114.45023"><ele>1346.3</ele></trkpt>
      <trkpt lat="48.80085" lon="-114.4501"><ele>1345.5</ele></trkpt>
      <trkpt lat="48.80083" lon="-114.44994"><ele>1344.9</ele></trkpt>
      <trkpt lat="48.80083" lon="-114.44983"><ele>1345</ele></trkpt>
      <trkpt lat="48.80084" lon="-114.4497"><ele>1345.2</ele></trkpt>
      <trkpt lat="48.80086" lon="-114.44957"><ele>1345.2</ele></trkpt>
      <trkpt lat="48.80094" lon="-114.44919"><ele>1344.9</ele></trkpt>
      <trkpt lat="48.801" lon="-114.44894"><ele>1344.6</ele></trkpt>
      <trkpt lat="48.80101" lon="-114.4488"><ele>1345</ele></trkpt>
      <trkpt lat="48.80106" lon="-114.44854"><ele>1344.8</ele></trkpt>
      <trkpt lat="48.80108" lon="-114.4484"><ele>1345</ele></trkpt>
      <trkpt lat="48.80112" lon="-114.44813"><ele>1345.3</ele></trkpt>
      <trkpt lat="48.80115" lon="-114.448"><ele>1345.1</ele></trkpt>
      <trkpt lat="48.80122" lon="-114.4476"><ele>1345.5</ele></trkpt>
      <trkpt lat="48.80125" lon="-114.44747"><ele>1345.5</ele></trkpt>
      <trkpt lat="48.80127" lon="-114.44733"><ele>1345.8</ele></trkpt>
      <trkpt lat="48.80136" lon="-114.44694"><ele>1345.7</ele></trkpt>
      <trkpt lat="48.80138" lon="-114.4468"><ele>1345.8</ele></trkpt>
      <trkpt lat="48.80147" lon="-114.44642"><ele>1345.1</ele></trkpt>
      <trkpt lat="48.8015" lon="-114.44634"><ele>1345.1</ele></trkpt>
      <trkpt lat="48.80151" lon="-114.4463"><ele>1345.3</ele></trkpt>
      <trkpt lat="48.8016" lon="-114.44608"><ele>1345.5</ele></trkpt>
      <trkpt lat="48.80181" lon="-114.44564"><ele>1345</ele></trkpt>
      <trkpt lat="48.80185" lon="-114.44552"><ele>1344.9</ele></trkpt>
      <trkpt lat="48.80193" lon="-114.44527"><ele>1343.6</ele></trkpt>
      <trkpt lat="48.80196" lon="-114.44514"><ele>1342.1</ele></trkpt>
      <trkpt lat="48.80201" lon="-114.44488"><ele>1338.2</ele></trkpt>
      <trkpt lat="48.80205" lon="-114.44462"><ele>1336.9</ele></trkpt>
      <trkpt lat="48.80208" lon="-114.44423"><ele>1336.8</ele></trkpt>
      <trkpt lat="48.8021" lon="-114.44398"><ele>1337.1</ele></trkpt>
      <trkpt lat="48.80215" lon="-114.4436"><ele>1337.5</ele></trkpt>
      <trkpt lat="48.80218" lon="-114.44347"><ele>1337.4</ele></trkpt>
      <trkpt lat="48.80221" lon="-114.44335"><ele>1337.4</ele></trkpt>
      <trkpt lat="48.80228" lon="-114.44311"><ele>1337.2</ele></trkpt>
      <trkpt lat="48.80244" lon="-114.44276"><ele>1336.3</ele></trkpt>
      <trkpt lat="48.80256" lon="-114.44252"><ele>1336</ele></trkpt>
      <trkpt lat="48.80285" lon="-114.44206"><ele>1334.5</ele></trkpt>
      <trkpt lat="48.80306" lon="-114.4416"><ele>1334.3</ele></trkpt>
      <trkpt lat="48.80332" lon="-114.44116"><ele>1332.7</ele></trkpt>
      <trkpt lat="48.80351" lon="-114.44078"><ele>1332.4</ele></trkpt>
      <trkpt lat="48.80369" lon="-114.44038"><ele>1331.1</ele></trkpt>
      <trkpt lat="48.8038" lon="-114.44017"><ele>1327.6</ele></trkpt>
      <trkpt lat="48.80391" lon="-114.43999"><ele>1326.3</ele></trkpt>
      <trkpt lat="48.80403" lon="-114.43982"><ele>1325.7</ele></trkpt>
      <trkpt lat="48.80416" lon="-114.43966"><ele>1325.2</ele></trkpt>
      <trkpt lat="48.8046" lon="-114.4392"><ele>1323.1</ele></trkpt>
      <trkpt lat="48.80475" lon="-114.43903"><ele>1322.4</ele></trkpt>
      <trkpt lat="48.80489" lon="-114.43884"><ele>1321.9</ele></trkpt>
      <trkpt lat="48.80503" lon="-114.43864"><ele>1321.3</ele></trkpt>
      <trkpt lat="48.80509" lon="-114.43854"><ele>1321</ele></trkpt>
      <trkpt lat="48.80515" lon="-114.43842"><ele>1320.7</ele></trkpt>
      <trkpt lat="48.80526" lon="-114.43818"><ele>1319.8</ele></trkpt>
      <trkpt lat="48.80537" lon="-114.43794"><ele>1320.2</ele></trkpt>
      <trkpt lat="48.80552" lon="-114.43757"><ele>1319.9</ele></trkpt>
      <trkpt lat="48.80557" lon="-114.43745"><ele>1319.3</ele></trkpt>
      <trkpt lat="48.80561" lon="-114.43731"><ele>1318.7</ele></trkpt>
      <trkpt lat="48.80564" lon="-114.43717"><ele>1317.3</ele></trkpt>
      <trkpt lat="48.8057" lon="-114.43689"><ele>1314.4</ele></trkpt>
      <trkpt lat="48.80573" lon="-114.43674"><ele>1314.1</ele></trkpt>
      <trkpt lat="48.80578" lon="-114.4366"><ele>1314.1</ele></trkpt>
      <trkpt lat="48.80584" lon="-114.43647"><ele>1314.3</ele></trkpt>
      <trkpt lat="48.80591" lon="-114.43636"><ele>1314.1</ele></trkpt>
      <trkpt lat="48.80614" lon="-114.43604"><ele>1312.8</ele></trkpt>
      <trkpt lat="48.8062" lon="-114.43593"><ele>1312.5</ele></trkpt>
      <trkpt lat="48.80625" lon="-114.43581"><ele>1312.3</ele></trkpt>
      <trkpt lat="48.8063" lon="-114.43569"><ele>1311.9</ele></trkpt>
      <trkpt lat="48.80655" lon="-114.43489"><ele>1311</ele></trkpt>
      <trkpt lat="48.80668" lon="-114.43451"><ele>1310.3</ele></trkpt>
      <trkpt lat="48.80703" lon="-114.43359"><ele>1308.8</ele></trkpt>
      <trkpt lat="48.80719" lon="-114.4332"><ele>1308</ele></trkpt>
      <trkpt lat="48.80724" lon="-114.43307"><ele>1307.5</ele></trkpt>
      <trkpt lat="48.80728" lon="-114.43293"><ele>1307.1</ele></trkpt>
      <trkpt lat="48.80735" lon="-114.43265"><ele>1306.1</ele></trkpt>
      <trkpt lat="48.80749" lon="-114.43205"><ele>1303.6</ele></trkpt>
      <trkpt lat="48.80762" lon="-114.4316"><ele>1303.3</ele></trkpt>
      <trkpt lat="48.80771" lon="-114.43131"><ele>1303.2</ele></trkpt>
      <trkpt lat="48.80781" lon="-114.43102"><ele>1302.8</ele></trkpt>
      <trkpt lat="48.80792" lon="-114.43072"><ele>1302.5</ele></trkpt>
      <trkpt lat="48.8081" lon="-114.4303"><ele>1301.9</ele></trkpt>
      <trkpt lat="48.80828" lon="-114.42987"><ele>1301.4</ele></trkpt>
      <trkpt lat="48.8084" lon="-114.42959"><ele>1300.9</ele></trkpt>
      <trkpt lat="48.8087" lon="-114.42898"><ele>1296.5</ele></trkpt>
      <trkpt lat="48.80899" lon="-114.42843"><ele>1297</ele></trkpt>
      <trkpt lat="48.80909" lon="-114.4282"><ele>1296.4</ele></trkpt>
      <trkpt lat="48.8093" lon="-114.42762"><ele>1295.6</ele></trkpt>
      <trkpt lat="48.8095" lon="-114.42699"><ele>1295.6</ele></trkpt>
      <trkpt lat="48.80962" lon="-114.42662"><ele>1295.6</ele></trkpt>
      <trkpt lat="48.80968" lon="-114.4265"><ele>1295.3</ele></trkpt>
      <trkpt lat="48.80988" lon="-114.42589"><ele>1294.8</ele></trkpt>
      <trkpt lat="48.80996" lon="-114.42552"><ele>1295</ele></trkpt>
      <trkpt lat="48.81011" lon="-114.42472"><ele>1295.1</ele></trkpt>
      <trkpt lat="48.81018" lon="-114.42445"><ele>1295</ele></trkpt>
      <trkpt lat="48.81022" lon="-114.42433"><ele>1294.7</ele></trkpt>
      <trkpt lat="48.81026" lon="-114.42423"><ele>1294.5</ele></trkpt>
      <trkpt lat="48.81026" lon="-114.42421"><ele>1294.6</ele></trkpt>
      <trkpt lat="48.81029" lon="-114.42408"><ele>1294.8</ele></trkpt>
      <trkpt lat="48.81034" lon="-114.42383"><ele>1294.8</ele></trkpt>
      <trkpt lat="48.81039" lon="-114.42342"><ele>1294.1</ele></trkpt>
      <trkpt lat="48.81045" lon="-114.42291"><ele>1291.4</ele></trkpt>
      <trkpt lat="48.81048" lon="-114.42279"><ele>1290.7</ele></trkpt>
      <trkpt lat="48.81052" lon="-114.42254"><ele>1290.4</ele></trkpt>
      <trkpt lat="48.81058" lon="-114.42201"><ele>1290.3</ele></trkpt>
      <trkpt lat="48.81062" lon="-114.42174"><ele>1289.9</ele></trkpt>
      <trkpt lat="48.81063" lon="-114.42161"><ele>1289.7</ele></trkpt>
      <trkpt lat="48.81063" lon="-114.42147"><ele>1289.7</ele></trkpt>
      <trkpt lat="48.81061" lon="-114.4212"><ele>1289.9</ele></trkpt>
      <trkpt lat="48.8106" lon="-114.42107"><ele>1290</ele></trkpt>
      <trkpt lat="48.81057" lon="-114.42092"><ele>1290.3</ele></trkpt>
      <trkpt lat="48.81056" lon="-114.42077"><ele>1290.4</ele></trkpt>
      <trkpt lat="48.81056" lon="-114.42063"><ele>1290.4</ele></trkpt>
      <trkpt lat="48.81062" lon="-114.42011"><ele>1289.7</ele></trkpt>
      <trkpt lat="48.81065" lon="-114.41998"><ele>1289.3</ele></trkpt>
      <trkpt lat="48.81067" lon="-114.4197"><ele>1289.1</ele></trkpt>
      <trkpt lat="48.8108" lon="-114.41891"><ele>1287.6</ele></trkpt>
      <trkpt lat="48.81086" lon="-114.41872"><ele>1287</ele></trkpt>
      <trkpt lat="48.81096" lon="-114.41842"><ele>1286.1</ele></trkpt>
      <trkpt lat="48.81103" lon="-114.4182"><ele>1285.6</ele></trkpt>
      <trkpt lat="48.81106" lon="-114.41807"><ele>1285.5</ele></trkpt>
      <trkpt lat="48.81109" lon="-114.41788"><ele>1285.3</ele></trkpt>
      <trkpt lat="48.81113" lon="-114.41732"><ele>1285.4</ele></trkpt>
      <trkpt lat="48.81115" lon="-114.4172"><ele>1285.4</ele></trkpt>
      <trkpt lat="48.81117" lon="-114.41694"><ele>1285.3</ele></trkpt>
      <trkpt lat="48.81118" lon="-114.41681"><ele>1285.3</ele></trkpt>
      <trkpt lat="48.81119" lon="-114.41668"><ele>1285.2</ele></trkpt>
      <trkpt lat="48.81121" lon="-114.41655"><ele>1285.1</ele></trkpt>
      <trkpt lat="48.81126" lon="-114.41632"><ele>1284.8</ele></trkpt>
      <trkpt lat="48.81127" lon="-114.41619"><ele>1284.7</ele></trkpt>
      <trkpt lat="48.81129" lon="-114.41606"><ele>1284.5</ele></trkpt>
      <trkpt lat="48.81131" lon="-114.41593"><ele>1284.4</ele></trkpt>
      <trkpt lat="48.8114" lon="-114.4154"><ele>1283.7</ele></trkpt>
      <trkpt lat="48.81143" lon="-114.41526"><ele>1283.3</ele></trkpt>
      <trkpt lat="48.81155" lon="-114.41473"><ele>1282.4</ele></trkpt>
      <trkpt lat="48.81207" lon="-114.4128"><ele>1278.8</ele></trkpt>
      <trkpt lat="48.81217" lon="-114.41208"><ele>1277.6</ele></trkpt>
      <trkpt lat="48.81224" lon="-114.41007"><ele>1273.6</ele></trkpt>
      <trkpt lat="48.81225" lon="-114.40945"><ele>1272.6</ele></trkpt>
      <trkpt lat="48.81221" lon="-114.40829"><ele>1271.9</ele></trkpt>
      <trkpt lat="48.81223" lon="-114.40768"><ele>1271.8</ele></trkpt>
      <trkpt lat="48.81233" lon="-114.40706"><ele>1271.2</ele></trkpt>
      <trkpt lat="48.81258" lon="-114.40587"><ele>1270.3</ele></trkpt>
      <trkpt lat="48.8127" lon="-114.40549"><ele>1270.4</ele></trkpt>
      <trkpt lat="48.81287" lon="-114.40525"><ele>1270.2</ele></trkpt>
      <trkpt lat="48.81304" lon="-114.40499"><ele>1270.1</ele></trkpt>
      <trkpt lat="48.81352" lon="-114.40471"><ele>1267.2</ele></trkpt>
      <trkpt lat="48.81407" lon="-114.40451"><ele>1264.6</ele></trkpt>
      <trkpt lat="48.81423" lon="-114.40428"><ele>1264</ele></trkpt>
      <trkpt lat="48.81431" lon="-114.40418"><ele>1262.9</ele></trkpt>
      <trkpt lat="48.81464" lon="-114.4034"><ele>1259.1</ele></trkpt>
      <trkpt lat="48.81503" lon="-114.40205"><ele>1257.6</ele></trkpt>
      <trkpt lat="48.81511" lon="-114.40146"><ele>1254.7</ele></trkpt>
      <trkpt lat="48.81516" lon="-114.40085"><ele>1253.6</ele></trkpt>
      <trkpt lat="48.8154" lon="-114.39989"><ele>1248.4</ele></trkpt>
      <trkpt lat="48.81548" lon="-114.39965"><ele>1247.5</ele></trkpt>
      <trkpt lat="48.81556" lon="-114.39933"><ele>1246.2</ele></trkpt>
      <trkpt lat="48.81558" lon="-114.39924"><ele>1245.9</ele></trkpt>
      <trkpt lat="48.81562" lon="-114.39915"><ele>1245.5</ele></trkpt>
      <trkpt lat="48.81569" lon="-114.39885"><ele>1244.5</ele></trkpt>
      <trkpt lat="48.81572" lon="-114.39876"><ele>1244.4</ele></trkpt>
      <trkpt lat="48.81576" lon="-114.39868"><ele>1244.3</ele></trkpt>
      <trkpt lat="48.81581" lon="-114.39861"><ele>1244</ele></trkpt>
      <trkpt lat="48.81586" lon="-114.39857"><ele>1243.9</ele></trkpt>
      <trkpt lat="48.81592" lon="-114.39853"><ele>1243.7</ele></trkpt>
      <trkpt lat="48.81597" lon="-114.39848"><ele>1243.6</ele></trkpt>
      <trkpt lat="48.81599" lon="-114.39847"><ele>1243.6</ele></trkpt>
      <trkpt lat="48.81607" lon="-114.39838"><ele>1243.6</ele></trkpt>
      <trkpt lat="48.81617" lon="-114.39829"><ele>1243.7</ele></trkpt>
      <trkpt lat="48.81624" lon="-114.39821"><ele>1243.8</ele></trkpt>
      <trkpt lat="48.81634" lon="-114.39812"><ele>1243.9</ele></trkpt>
      <trkpt lat="48.81652" lon="-114.39789"><ele>1244.4</ele></trkpt>
      <trkpt lat="48.81655" lon="-114.39784"><ele>1244.5</ele></trkpt>
      <trkpt lat="48.81662" lon="-114.39767"><ele>1244.5</ele></trkpt>
      <trkpt lat="48.81675" lon="-114.39709"><ele>1242.7</ele></trkpt>
      <trkpt lat="48.81687" lon="-114.39663"><ele>1241.5</ele></trkpt>
      <trkpt lat="48.81691" lon="-114.39651"><ele>1241.3</ele></trkpt>
      <trkpt lat="48.817" lon="-114.39635"><ele>1241</ele></trkpt>
      <trkpt lat="48.81719" lon="-114.39569"><ele>1240.2</ele></trkpt>
      <trkpt lat="48.81742" lon="-114.395"><ele>1239.6</ele></trkpt>
      <trkpt lat="48.81747" lon="-114.39462"><ele>1238.8</ele></trkpt>
      <trkpt lat="48.81748" lon="-114.39384"><ele>1237.3</ele></trkpt>
      <trkpt lat="48.81746" lon="-114.39287"><ele>1235.6</ele></trkpt>
      <trkpt lat="48.81748" lon="-114.39173"><ele>1235.1</ele></trkpt>
      <trkpt lat="48.81753" lon="-114.39095"><ele>1234.5</ele></trkpt>
      <trkpt lat="48.81769" lon="-114.38944"><ele>1233.8</ele></trkpt>
      <trkpt lat="48.8178" lon="-114.3889"><ele>1233.6</ele></trkpt>
      <trkpt lat="48.81785" lon="-114.3881"><ele>1233.7</ele></trkpt>
      <trkpt lat="48.81793" lon="-114.38743"><ele>1233.3</ele></trkpt>
      <trkpt lat="48.81792" lon="-114.38689"><ele>1232.9</ele></trkpt>
      <trkpt lat="48.81791" lon="-114.3857"><ele>1224.3</ele></trkpt>
      <trkpt lat="48.81789" lon="-114.3844"><ele>1221.7</ele></trkpt>
      <trkpt lat="48.81787" lon="-114.38299"><ele>1221.1</ele></trkpt>
      <trkpt lat="48.81788" lon="-114.38196"><ele>1218.4</ele></trkpt>
      <trkpt lat="48.81786" lon="-114.38076"><ele>1215.4</ele></trkpt>
      <trkpt lat="48.81785" lon="-114.37966"><ele>1214.9</ele></trkpt>
      <trkpt lat="48.81786" lon="-114.37864"><ele>1214.7</ele></trkpt>
      <trkpt lat="48.81785" lon="-114.37777"><ele>1214.5</ele></trkpt>
      <trkpt lat="48.81785" lon="-114.3777"><ele>1214.4</ele></trkpt>
      <trkpt lat="48.81783" lon="-114.37624"><ele>1213</ele></trkpt>
      <trkpt lat="48.81782" lon="-114.376"><ele>1212.7</ele></trkpt>
      <trkpt lat="48.81782" lon="-114.37575"><ele>1212.3</ele></trkpt>
      <trkpt lat="48.81782" lon="-114.37499"><ele>1211</ele></trkpt>
      <trkpt lat="48.81782" lon="-114.37473"><ele>1210.8</ele></trkpt>
      <trkpt lat="48.81782" lon="-114.37445"><ele>1210.5</ele></trkpt>
      <trkpt lat="48.81782" lon="-114.37368"><ele>1210</ele></trkpt>
      <trkpt lat="48.81781" lon="-114.37263"><ele>1209.4</ele></trkpt>
      <trkpt lat="48.81781" lon="-114.3721"><ele>1208.9</ele></trkpt>
      <trkpt lat="48.81781" lon="-114.37157"><ele>1208.1</ele></trkpt>
      <trkpt lat="48.81781" lon="-114.37131"><ele>1207.5</ele></trkpt>
      <trkpt lat="48.8178" lon="-114.36847"><ele>1200.1</ele></trkpt>
      <trkpt lat="48.8178" lon="-114.36822"><ele>1199.7</ele></trkpt>
      <trkpt lat="48.8178" lon="-114.36797"><ele>1199.4</ele></trkpt>
      <trkpt lat="48.8178" lon="-114.36772"><ele>1199</ele></trkpt>
      <trkpt lat="48.81779" lon="-114.36747"><ele>1198.6</ele></trkpt>
      <trkpt lat="48.8178" lon="-114.36723"><ele>1198.3</ele></trkpt>
      <trkpt lat="48.81779" lon="-114.36691"><ele>1197.8</ele></trkpt>
      <trkpt lat="48.81779" lon="-114.36674"><ele>1197.6</ele></trkpt>
      <trkpt lat="48.81779" lon="-114.36658"><ele>1197.3</ele></trkpt>
      <trkpt lat="48.81779" lon="-114.36625"><ele>1196.9</ele></trkpt>
      <trkpt lat="48.81779" lon="-114.36592"><ele>1196.5</ele></trkpt>
      <trkpt lat="48.81779" lon="-114.36457"><ele>1197</ele></trkpt>
      <trkpt lat="48.81779" lon="-114.36385"><ele>1195.8</ele></trkpt>
      <trkpt lat="48.8178" lon="-114.36196"><ele>1190</ele></trkpt>
      <trkpt lat="48.81779" lon="-114.36151"><ele>1189</ele></trkpt>
      <trkpt lat="48.8178" lon="-114.36129"><ele>1188.5</ele></trkpt>
      <trkpt lat="48.81779" lon="-114.35971"><ele>1186.1</ele></trkpt>
      <trkpt lat="48.81778" lon="-114.3593"><ele>1185.6</ele></trkpt>
      <trkpt lat="48.81778" lon="-114.3593"><ele>1185.6</ele></trkpt>
      <trkpt lat="48.81757" lon="-114.35912"><ele>1185.9</ele></trkpt>
      <trkpt lat="48.81734" lon="-114.35892"><ele>1186.1</ele></trkpt>
      <trkpt lat="48.81661" lon="-114.35827"><ele>1185.5</ele></trkpt>
      <trkpt lat="48.81649" lon="-114.35816"><ele>1185.3</ele></trkpt>
      <trkpt lat="48.81574" lon="-114.3575"><ele>1183.6</ele></trkpt>
      <trkpt lat="48.81562" lon="-114.35739"><ele>1183.5</ele></trkpt>
      <trkpt lat="48.81417" lon="-114.35609"><ele>1179.9</ele></trkpt>
      <trkpt lat="48.81405" lon="-114.356"><ele>1179.7</ele></trkpt>
      <trkpt lat="48.81393" lon="-114.35589"><ele>1179.5</ele></trkpt>
      <trkpt lat="48.81382" lon="-114.3558"><ele>1179.2</ele></trkpt>
      <trkpt lat="48.81337" lon="-114.3554"><ele>1178.2</ele></trkpt>
      <trkpt lat="48.81306" lon="-114.35513"><ele>1177.5</ele></trkpt>
      <trkpt lat="48.81264" lon="-114.35464"><ele>1176.5</ele></trkpt>
      <trkpt lat="48.81242" lon="-114.35425"><ele>1176.1</ele></trkpt>
      <trkpt lat="48.81177" lon="-114.35305"><ele>1174.8</ele></trkpt>
      <trkpt lat="48.81168" lon="-114.3529"><ele>1174.5</ele></trkpt>
      <trkpt lat="48.81158" lon="-114.3528"><ele>1174.2</ele></trkpt>
      <trkpt lat="48.81096" lon="-114.35226"><ele>1172.3</ele></trkpt>
      <trkpt lat="48.81076" lon="-114.35206"><ele>1171.5</ele></trkpt>
      <trkpt lat="48.81038" lon="-114.35161"><ele>1167.9</ele></trkpt>
      <trkpt lat="48.81008" lon="-114.35129"><ele>1164.7</ele></trkpt>
      <trkpt lat="48.80988" lon="-114.35105"><ele>1163.6</ele></trkpt>
      <trkpt lat="48.80969" lon="-114.3508"><ele>1163.2</ele></trkpt>
      <trkpt lat="48.8091" lon="-114.34995"><ele>1161.4</ele></trkpt>
      <trkpt lat="48.8089" lon="-114.34968"><ele>1160</ele></trkpt>
      <trkpt lat="48.80869" lon="-114.34943"><ele>1158.7</ele></trkpt>
      <trkpt lat="48.80848" lon="-114.34919"><ele>1157.7</ele></trkpt>
      <trkpt lat="48.80827" lon="-114.34897"><ele>1156.6</ele></trkpt>
      <trkpt lat="48.80816" lon="-114.34887"><ele>1155.9</ele></trkpt>
      <trkpt lat="48.80804" lon="-114.34877"><ele>1155.1</ele></trkpt>
      <trkpt lat="48.80792" lon="-114.34868"><ele>1154.1</ele></trkpt>
      <trkpt lat="48.8078" lon="-114.3486"><ele>1153.1</ele></trkpt>
      <trkpt lat="48.80756" lon="-114.34845"><ele>1150.6</ele></trkpt>
      <trkpt lat="48.80677" lon="-114.34801"><ele>1143</ele></trkpt>
      <trkpt lat="48.80673" lon="-114.34799"><ele>1142.8</ele></trkpt>
      <trkpt lat="48.80653" lon="-114.34785"><ele>1142.9</ele></trkpt>
      <trkpt lat="48.80643" lon="-114.34776"><ele>1143.4</ele></trkpt>
      <trkpt lat="48.80633" lon="-114.34766"><ele>1144</ele></trkpt>
      <trkpt lat="48.80623" lon="-114.34754"><ele>1144.5</ele></trkpt>
      <trkpt lat="48.80614" lon="-114.34741"><ele>1145.2</ele></trkpt>
      <trkpt lat="48.80605" lon="-114.34726"><ele>1146.2</ele></trkpt>
      <trkpt lat="48.80596" lon="-114.34711"><ele>1146.8</ele></trkpt>
      <trkpt lat="48.8058" lon="-114.34678"><ele>1147.4</ele></trkpt>
      <trkpt lat="48.80572" lon="-114.34661"><ele>1147.7</ele></trkpt>
      <trkpt lat="48.80515" lon="-114.34515"><ele>1141.7</ele></trkpt>
      <trkpt lat="48.8047" lon="-114.34399"><ele>1148.1</ele></trkpt>
      <trkpt lat="48.80431" lon="-114.34289"><ele>1160.9</ele></trkpt>
      <trkpt lat="48.80408" lon="-114.34239"><ele>1162.3</ele></trkpt>
      <trkpt lat="48.80373" lon="-114.34194"><ele>1164.8</ele></trkpt>
      <trkpt lat="48.80326" lon="-114.34157"><ele>1168.1</ele></trkpt>
      <trkpt lat="48.80316" lon="-114.34145"><ele>1168.7</ele></trkpt>
      <trkpt lat="48.80306" lon="-114.34134"><ele>1169.4</ele></trkpt>
      <trkpt lat="48.80282" lon="-114.34111"><ele>1171.5</ele></trkpt>
      <trkpt lat="48.80101" lon="-114.33959"><ele>1174.1</ele></trkpt>
      <trkpt lat="48.80015" lon="-114.33886"><ele>1179.4</ele></trkpt>
      <trkpt lat="48.79916" lon="-114.33804"><ele>1180.2</ele></trkpt>
      <trkpt lat="48.79827" lon="-114.33728"><ele>1176.1</ele></trkpt>
      <trkpt lat="48.79719" lon="-114.33636"><ele>1175.6</ele></trkpt>
      <trkpt lat="48.79695" lon="-114.33616"><ele>1175.8</ele></trkpt>
      <trkpt lat="48.79581" lon="-114.33521"><ele>1179</ele></trkpt>
      <trkpt lat="48.79483" lon="-114.33438"><ele>1182.5</ele></trkpt>
      <trkpt lat="48.79452" lon="-114.33411"><ele>1183.2</ele></trkpt>
      <trkpt lat="48.79426" lon="-114.33399"><ele>1183.9</ele></trkpt>
      <trkpt lat="48.79395" lon="-114.33397"><ele>1185.2</ele></trkpt>
      <trkpt lat="48.79351" lon="-114.33398"><ele>1186.4</ele></trkpt>
      <trkpt lat="48.79313" lon="-114.33396"><ele>1186.9</ele></trkpt>
      <trkpt lat="48.7928" lon="-114.33382"><ele>1187.4</ele></trkpt>
      <trkpt lat="48.79243" lon="-114.33348"><ele>1188</ele></trkpt>
      <trkpt lat="48.79232" lon="-114.33339"><ele>1188.1</ele></trkpt>
      <trkpt lat="48.79221" lon="-114.3333"><ele>1187.8</ele></trkpt>
      <trkpt lat="48.79189" lon="-114.333"><ele>1187</ele></trkpt>
      <trkpt lat="48.79126" lon="-114.3324"><ele>1182.5</ele></trkpt>
      <trkpt lat="48.78989" lon="-114.33112"><ele>1182.2</ele></trkpt>
      <trkpt lat="48.78961" lon="-114.33088"><ele>1182.1</ele></trkpt>
      <trkpt lat="48.78933" lon="-114.33062"><ele>1182.3</ele></trkpt>
      <trkpt lat="48.78912" lon="-114.33042"><ele>1182.6</ele></trkpt>
      <trkpt lat="48.7887" lon="-114.33005"><ele>1182.2</ele></trkpt>
      <trkpt lat="48.7884" lon="-114.32976"><ele>1181</ele></trkpt>
      <trkpt lat="48.78803" lon="-114.32942"><ele>1179.9</ele></trkpt>
      <trkpt lat="48.78787" lon="-114.32924"><ele>1179.5</ele></trkpt>
      <trkpt lat="48.78772" lon="-114.32905"><ele>1178.9</ele></trkpt>
      <trkpt lat="48.78764" lon="-114.32895"><ele>1178.6</ele></trkpt>
      <trkpt lat="48.78757" lon="-114.32881"><ele>1178.4</ele></trkpt>
      <trkpt lat="48.78743" lon="-114.32859"><ele>1177.9</ele></trkpt>
      <trkpt lat="48.78729" lon="-114.32838"><ele>1177.4</ele></trkpt>
      <trkpt lat="48.78713" lon="-114.32822"><ele>1176.8</ele></trkpt>
      <trkpt lat="48.78704" lon="-114.32815"><ele>1176.4</ele></trkpt>
      <trkpt lat="48.78696" lon="-114.32808"><ele>1176.1</ele></trkpt>
      <trkpt lat="48.78677" lon="-114.32797"><ele>1175.3</ele></trkpt>
      <trkpt lat="48.78657" lon="-114.32783"><ele>1174.5</ele></trkpt>
      <trkpt lat="48.78647" lon="-114.32776"><ele>1174.1</ele></trkpt>
      <trkpt lat="48.78618" lon="-114.3275"><ele>1173.5</ele></trkpt>
      <trkpt lat="48.78599" lon="-114.32734"><ele>1173.8</ele></trkpt>
      <trkpt lat="48.78589" lon="-114.32728"><ele>1174.1</ele></trkpt>
      <trkpt lat="48.78579" lon="-114.32722"><ele>1174.4</ele></trkpt>
      <trkpt lat="48.78569" lon="-114.32718"><ele>1174.5</ele></trkpt>
      <trkpt lat="48.78549" lon="-114.32712"><ele>1173.5</ele></trkpt>
      <trkpt lat="48.78529" lon="-114.32705"><ele>1171.7</ele></trkpt>
      <trkpt lat="48.78511" lon="-114.32695"><ele>1171.2</ele></trkpt>
      <trkpt lat="48.78493" lon="-114.32684"><ele>1170.3</ele></trkpt>
      <trkpt lat="48.78485" lon="-114.32677"><ele>1169.7</ele></trkpt>
      <trkpt lat="48.78477" lon="-114.3267"><ele>1169</ele></trkpt>
      <trkpt lat="48.7847" lon="-114.32662"><ele>1168.3</ele></trkpt>
      <trkpt lat="48.78464" lon="-114.32654"><ele>1167.4</ele></trkpt>
      <trkpt lat="48.78463" lon="-114.32651"><ele>1167.2</ele></trkpt>
      <trkpt lat="48.78458" lon="-114.32644"><ele>1167</ele></trkpt>
      <trkpt lat="48.78447" lon="-114.3262"><ele>1167.6</ele></trkpt>
      <trkpt lat="48.7844" lon="-114.32608"><ele>1168.8</ele></trkpt>
      <trkpt lat="48.78432" lon="-114.32595"><ele>1170.7</ele></trkpt>
      <trkpt lat="48.78424" lon="-114.32582"><ele>1172.1</ele></trkpt>
      <trkpt lat="48.784" lon="-114.32549"><ele>1173.6</ele></trkpt>
      <trkpt lat="48.78393" lon="-114.32538"><ele>1174.1</ele></trkpt>
      <trkpt lat="48.78388" lon="-114.32527"><ele>1174.3</ele></trkpt>
      <trkpt lat="48.78386" lon="-114.32522"><ele>1174.3</ele></trkpt>
      <trkpt lat="48.78383" lon="-114.32515"><ele>1174.3</ele></trkpt>
      <trkpt lat="48.78381" lon="-114.32503"><ele>1174.3</ele></trkpt>
      <trkpt lat="48.78379" lon="-114.32489"><ele>1174.2</ele></trkpt>
      <trkpt lat="48.78378" lon="-114.32475"><ele>1174</ele></trkpt>
      <trkpt lat="48.78378" lon="-114.32414"><ele>1172.5</ele></trkpt>
      <trkpt lat="48.78377" lon="-114.32399"><ele>1172.1</ele></trkpt>
      <trkpt lat="48.78375" lon="-114.32384"><ele>1171.7</ele></trkpt>
      <trkpt lat="48.78373" lon="-114.32369"><ele>1171.3</ele></trkpt>
      <trkpt lat="48.7837" lon="-114.32355"><ele>1170.9</ele></trkpt>
      <trkpt lat="48.7834" lon="-114.32249"><ele>1169.4</ele></trkpt>
      <trkpt lat="48.78328" lon="-114.32205"><ele>1169.2</ele></trkpt>
      <trkpt lat="48.78317" lon="-114.32158"><ele>1168.8</ele></trkpt>
      <trkpt lat="48.78303" lon="-114.32095"><ele>1168.2</ele></trkpt>
      <trkpt lat="48.78278" lon="-114.3199"><ele>1167</ele></trkpt>
      <trkpt lat="48.78266" lon="-114.31934"><ele>1166.4</ele></trkpt>
      <trkpt lat="48.78261" lon="-114.31905"><ele>1165.9</ele></trkpt>
      <trkpt lat="48.78258" lon="-114.31875"><ele>1165.3</ele></trkpt>
      <trkpt lat="48.78257" lon="-114.31844"><ele>1164.7</ele></trkpt>
      <trkpt lat="48.78257" lon="-114.31814"><ele>1164.1</ele></trkpt>
      <trkpt lat="48.78256" lon="-114.31799"><ele>1163.9</ele></trkpt>
      <trkpt lat="48.78254" lon="-114.31785"><ele>1163.6</ele></trkpt>
      <trkpt lat="48.78252" lon="-114.31772"><ele>1163.4</ele></trkpt>
      <trkpt lat="48.78248" lon="-114.31758"><ele>1163.4</ele></trkpt>
      <trkpt lat="48.78234" lon="-114.31715"><ele>1164.9</ele></trkpt>
      <trkpt lat="48.78231" lon="-114.317"><ele>1165.4</ele></trkpt>
      <trkpt lat="48.78218" lon="-114.3164"><ele>1166.4</ele></trkpt>
      <trkpt lat="48.78214" lon="-114.31625"><ele>1166.5</ele></trkpt>
      <trkpt lat="48.78211" lon="-114.31616"><ele>1166.5</ele></trkpt>
      <trkpt lat="48.7821" lon="-114.31611"><ele>1166.5</ele></trkpt>
      <trkpt lat="48.78204" lon="-114.31598"><ele>1166.6</ele></trkpt>
      <trkpt lat="48.78198" lon="-114.31586"><ele>1166.7</ele></trkpt>
      <trkpt lat="48.78191" lon="-114.31575"><ele>1166.7</ele></trkpt>
      <trkpt lat="48.7817" lon="-114.31542"><ele>1166.6</ele></trkpt>
      <trkpt lat="48.78156" lon="-114.31519"><ele>1166.4</ele></trkpt>
      <trkpt lat="48.78124" lon="-114.31458"><ele>1165.4</ele></trkpt>
      <trkpt lat="48.78112" lon="-114.31433"><ele>1164.8</ele></trkpt>
      <trkpt lat="48.78107" lon="-114.31419"><ele>1164.5</ele></trkpt>
      <trkpt lat="48.78102" lon="-114.31405"><ele>1164.2</ele></trkpt>
      <trkpt lat="48.781" lon="-114.31389"><ele>1163.9</ele></trkpt>
      <trkpt lat="48.78098" lon="-114.31372"><ele>1163.6</ele></trkpt>
      <trkpt lat="48.78098" lon="-114.31354"><ele>1163.2</ele></trkpt>
      <trkpt lat="48.78098" lon="-114.31317"><ele>1162.4</ele></trkpt>
      <trkpt lat="48.78103" lon="-114.31244"><ele>1160.7</ele></trkpt>
      <trkpt lat="48.78108" lon="-114.3113"><ele>1159</ele></trkpt>
      <trkpt lat="48.78109" lon="-114.31075"><ele>1158.9</ele></trkpt>
      <trkpt lat="48.78109" lon="-114.31057"><ele>1158.8</ele></trkpt>
      <trkpt lat="48.78107" lon="-114.31038"><ele>1158.6</ele></trkpt>
      <trkpt lat="48.78104" lon="-114.31019"><ele>1158.1</ele></trkpt>
      <trkpt lat="48.781" lon="-114.31"><ele>1158</ele></trkpt>
      <trkpt lat="48.78098" lon="-114.30996"><ele>1158</ele></trkpt>
      <trkpt lat="48.78093" lon="-114.30981"><ele>1158.3</ele></trkpt>
      <trkpt lat="48.78085" lon="-114.30962"><ele>1159.3</ele></trkpt>
      <trkpt lat="48.78076" lon="-114.30944"><ele>1159.7</ele></trkpt>
      <trkpt lat="48.78021" lon="-114.30841"><ele>1161.4</ele></trkpt>
      <trkpt lat="48.78012" lon="-114.30824"><ele>1161.3</ele></trkpt>
      <trkpt lat="48.77987" lon="-114.30779"><ele>1160.9</ele></trkpt>
      <trkpt lat="48.77946" lon="-114.30705"><ele>1160</ele></trkpt>
      <trkpt lat="48.77882" lon="-114.30585"><ele>1154.7</ele></trkpt>
      <trkpt lat="48.77781" lon="-114.30385"><ele>1147.7</ele></trkpt>
      <trkpt lat="48.77755" lon="-114.30336"><ele>1146.6</ele></trkpt>
      <trkpt lat="48.77727" lon="-114.30299"><ele>1145.2</ele></trkpt>
      <trkpt lat="48.77703" lon="-114.30272"><ele>1143.9</ele></trkpt>
      <trkpt lat="48.77682" lon="-114.30254"><ele>1142.9</ele></trkpt>
      <trkpt lat="48.77668" lon="-114.30246"><ele>1142.3</ele></trkpt>
      <trkpt lat="48.77655" lon="-114.30236"><ele>1141.8</ele></trkpt>
      <trkpt lat="48.77647" lon="-114.3023"><ele>1141.4</ele></trkpt>
      <trkpt lat="48.77626" lon="-114.30217"><ele>1140.7</ele></trkpt>
      <trkpt lat="48.77616" lon="-114.30212"><ele>1140.4</ele></trkpt>
      <trkpt lat="48.7757" lon="-114.30195"><ele>1139.2</ele></trkpt>
      <trkpt lat="48.77525" lon="-114.30177"><ele>1138</ele></trkpt>
      <trkpt lat="48.77454" lon="-114.30147"><ele>1137.5</ele></trkpt>
      <trkpt lat="48.77422" lon="-114.30135"><ele>1137.4</ele></trkpt>
      <trkpt lat="48.77391" lon="-114.30125"><ele>1136.6</ele></trkpt>
      <trkpt lat="48.77381" lon="-114.30123"><ele>1136.4</ele></trkpt>
      <trkpt lat="48.77375" lon="-114.30128"><ele>1135.9</ele></trkpt>
      <trkpt lat="48.7736" lon="-114.30129"><ele>1134.9</ele></trkpt>
      <trkpt lat="48.77339" lon="-114.30134"><ele>1134.3</ele></trkpt>
      <trkpt lat="48.77319" lon="-114.30144"><ele>1133.8</ele></trkpt>
      <trkpt lat="48.77305" lon="-114.30155"><ele>1133.2</ele></trkpt>
      <trkpt lat="48.77277" lon="-114.30183"><ele>1131.8</ele></trkpt>
      <trkpt lat="48.77259" lon="-114.30205"><ele>1131.2</ele></trkpt>
      <trkpt lat="48.77243" lon="-114.30228"><ele>1130.8</ele></trkpt>
      <trkpt lat="48.77237" lon="-114.30241"><ele>1130.4</ele></trkpt>
      <trkpt lat="48.77232" lon="-114.30253"><ele>1129.7</ele></trkpt>
      <trkpt lat="48.77227" lon="-114.30265"><ele>1129.3</ele></trkpt>
      <trkpt lat="48.77225" lon="-114.30273"><ele>1129.2</ele></trkpt>
      <trkpt lat="48.77219" lon="-114.30291"><ele>1128.7</ele></trkpt>
      <trkpt lat="48.77203" lon="-114.30353"><ele>1126.8</ele></trkpt>
      <trkpt lat="48.772" lon="-114.30365"><ele>1126.6</ele></trkpt>
      <trkpt lat="48.77195" lon="-114.30376"><ele>1126.7</ele></trkpt>
      <trkpt lat="48.77191" lon="-114.30386"><ele>1126.4</ele></trkpt>
      <trkpt lat="48.77178" lon="-114.30405"><ele>1126.8</ele></trkpt>
      <trkpt lat="48.77171" lon="-114.30413"><ele>1127.4</ele></trkpt>
      <trkpt lat="48.77164" lon="-114.30419"><ele>1128.4</ele></trkpt>
      <trkpt lat="48.77157" lon="-114.30425"><ele>1129.2</ele></trkpt>
      <trkpt lat="48.77142" lon="-114.30429"><ele>1130.8</ele></trkpt>
      <trkpt lat="48.77134" lon="-114.3043"><ele>1131.1</ele></trkpt>
      <trkpt lat="48.77125" lon="-114.30429"><ele>1131.2</ele></trkpt>
      <trkpt lat="48.7711" lon="-114.3042"><ele>1131.2</ele></trkpt>
      <trkpt lat="48.77098" lon="-114.30407"><ele>1130.6</ele></trkpt>
      <trkpt lat="48.7709" lon="-114.3039"><ele>1130.2</ele></trkpt>
      <trkpt lat="48.77084" lon="-114.30354"><ele>1130.6</ele></trkpt>
      <trkpt lat="48.77074" lon="-114.30274"><ele>1124.5</ele></trkpt>
      <trkpt lat="48.77062" lon="-114.30211"><ele>1119.8</ele></trkpt>
      <trkpt lat="48.77052" lon="-114.30167"><ele>1118.1</ele></trkpt>
      <trkpt lat="48.77043" lon="-114.30138"><ele>1117.3</ele></trkpt>
      <trkpt lat="48.77023" lon="-114.30096"><ele>1113.1</ele></trkpt>
      <trkpt lat="48.77013" lon="-114.30071"><ele>1109.7</ele></trkpt>
      <trkpt lat="48.77003" lon="-114.30034"><ele>1108.9</ele></trkpt>
      <trkpt lat="48.76999" lon="-114.30018"><ele>1108.7</ele></trkpt>
      <trkpt lat="48.76995" lon="-114.30001"><ele>1108.9</ele></trkpt>
      <trkpt lat="48.7699" lon="-114.29969"><ele>1109.5</ele></trkpt>
      <trkpt lat="48.76977" lon="-114.29903"><ele>1107.1</ele></trkpt>
      <trkpt lat="48.76971" lon="-114.29877"><ele>1105.3</ele></trkpt>
      <trkpt lat="48.76969" lon="-114.29858"><ele>1103.2</ele></trkpt>
      <trkpt lat="48.76966" lon="-114.29841"><ele>1099.3</ele></trkpt>
      <trkpt lat="48.76967" lon="-114.29827"><ele>1098.1</ele></trkpt>
      <trkpt lat="48.76967" lon="-114.29812"><ele>1096.5</ele></trkpt>
      <trkpt lat="48.7697" lon="-114.29798"><ele>1096</ele></trkpt>
      <trkpt lat="48.76974" lon="-114.29786"><ele>1095.7</ele></trkpt>
      <trkpt lat="48.76979" lon="-114.29775"><ele>1095.7</ele></trkpt>
      <trkpt lat="48.76984" lon="-114.29764"><ele>1095.4</ele></trkpt>
      <trkpt lat="48.76989" lon="-114.29753"><ele>1094.8</ele></trkpt>
      <trkpt lat="48.76996" lon="-114.29744"><ele>1094.4</ele></trkpt>
      <trkpt lat="48.77004" lon="-114.29736"><ele>1093.9</ele></trkpt>
      <trkpt lat="48.77022" lon="-114.29716"><ele>1089.2</ele></trkpt>
      <trkpt lat="48.77035" lon="-114.29695"><ele>1086</ele></trkpt>
      <trkpt lat="48.77044" lon="-114.2967"><ele>1085.7</ele></trkpt>
      <trkpt lat="48.77047" lon="-114.29655"><ele>1085.5</ele></trkpt>
      <trkpt lat="48.77047" lon="-114.29642"><ele>1085.4</ele></trkpt>
      <trkpt lat="48.77048" lon="-114.29639"><ele>1085.3</ele></trkpt>
      <trkpt lat="48.77047" lon="-114.29622"><ele>1085.2</ele></trkpt>
      <trkpt lat="48.77045" lon="-114.29605"><ele>1085</ele></trkpt>
      <trkpt lat="48.77043" lon="-114.29588"><ele>1084.8</ele></trkpt>
      <trkpt lat="48.77041" lon="-114.29571"><ele>1084.6</ele></trkpt>
      <trkpt lat="48.77038" lon="-114.29556"><ele>1084.5</ele></trkpt>
      <trkpt lat="48.77034" lon="-114.29541"><ele>1084.4</ele></trkpt>
      <trkpt lat="48.77029" lon="-114.29527"><ele>1084.2</ele></trkpt>
      <trkpt lat="48.77022" lon="-114.29514"><ele>1084.2</ele></trkpt>
      <trkpt lat="48.77015" lon="-114.29502"><ele>1084.1</ele></trkpt>
      <trkpt lat="48.77007" lon="-114.29491"><ele>1084</ele></trkpt>
      <trkpt lat="48.76997" lon="-114.29482"><ele>1084</ele></trkpt>
      <trkpt lat="48.76967" lon="-114.29456"><ele>1083.8</ele></trkpt>
      <trkpt lat="48.76921" lon="-114.29418"><ele>1083.5</ele></trkpt>
      <trkpt lat="48.76904" lon="-114.29405"><ele>1083.4</ele></trkpt>
      <trkpt lat="48.76883" lon="-114.2939"><ele>1083.2</ele></trkpt>
      <trkpt lat="48.76862" lon="-114.29376"><ele>1083.1</ele></trkpt>
      <trkpt lat="48.76852" lon="-114.2937"><ele>1083.1</ele></trkpt>
      <trkpt lat="48.76841" lon="-114.29364"><ele>1083</ele></trkpt>
      <trkpt lat="48.7683" lon="-114.2936"><ele>1083</ele></trkpt>
      <trkpt lat="48.76819" lon="-114.29358"><ele>1083</ele></trkpt>
      <trkpt lat="48.76808" lon="-114.29356"><ele>1083</ele></trkpt>
      <trkpt lat="48.76786" lon="-114.29354"><ele>1082.9</ele></trkpt>
      <trkpt lat="48.76751" lon="-114.29352"><ele>1082.9</ele></trkpt>
      <trkpt lat="48.76707" lon="-114.29349"><ele>1082.6</ele></trkpt>
      <trkpt lat="48.76697" lon="-114.2935"><ele>1082.6</ele></trkpt>
      <trkpt lat="48.76686" lon="-114.29348"><ele>1082.6</ele></trkpt>
      <trkpt lat="48.76664" lon="-114.29342"><ele>1082.6</ele></trkpt>
      <trkpt lat="48.76654" lon="-114.29341"><ele>1082.6</ele></trkpt>
      <trkpt lat="48.76644" lon="-114.29337"><ele>1082.5</ele></trkpt>
      <trkpt lat="48.76634" lon="-114.29331"><ele>1082.4</ele></trkpt>
      <trkpt lat="48.76613" lon="-114.29318"><ele>1082.2</ele></trkpt>
      <trkpt lat="48.76603" lon="-114.2931"><ele>1082.1</ele></trkpt>
      <trkpt lat="48.76593" lon="-114.29302"><ele>1082</ele></trkpt>
      <trkpt lat="48.76538" lon="-114.29263"><ele>1081.8</ele></trkpt>
      <trkpt lat="48.76503" lon="-114.29239"><ele>1081.7</ele></trkpt>
      <trkpt lat="48.76503" lon="-114.29239"><ele>1081.7</ele></trkpt>
      <trkpt lat="48.76501" lon="-114.29182"><ele>1080.8</ele></trkpt>
      <trkpt lat="48.76495" lon="-114.28523"><ele>1074.7</ele></trkpt>
    </trkseg>
  </trk>
</gpx>
